ISO-10303-21;
HEADER;
/* Generated by software containing ST-Developer
 * from STEP Tools, Inc. (www.steptools.com) 
 */

FILE_DESCRIPTION(
/* description */ (''),
/* implementation_level */ '2;1');

FILE_NAME(
/* name */ 'Greiferhalterung.stp',
/* time_stamp */ '2026-09-06T18:59:01+02:00',
/* author */ ('bluhm'),
/* organization */ (''),
/* preprocessor_version */ 'ST-DEVELOPER v20.1',
/* originating_system */ 'Autodesk Inventor 2026',
/* authorisation */ '');

FILE_SCHEMA (('AUTOMOTIVE_DESIGN { 1 0 10303 214 3 1 1 }'));
ENDSEC;

DATA;
#10=MECHANICAL_DESIGN_GEOMETRIC_PRESENTATION_REPRESENTATION('',(#14,#15,
#16,#17,#18,#19,#20,#21,#22,#23,#24,#25,#26,#27,#28,#29,#30,#31,#32,#33,
#34,#35,#36,#37,#38,#39,#40,#41,#42,#43,#44,#45,#46,#47,#48,#49,#50,#51),
#3247);
#11=SHAPE_REPRESENTATION_RELATIONSHIP('SRR','None',#3254,#12);
#12=ADVANCED_BREP_SHAPE_REPRESENTATION('',(#13),#3246);
#13=MANIFOLD_SOLID_BREP('Volumenk\X\F6rper1',#1895);
#14=STYLED_ITEM('',(#3264),#1858);
#15=STYLED_ITEM('',(#3264),#1859);
#16=STYLED_ITEM('',(#3264),#1860);
#17=STYLED_ITEM('',(#3264),#1861);
#18=STYLED_ITEM('',(#3264),#1862);
#19=STYLED_ITEM('',(#3264),#1863);
#20=STYLED_ITEM('',(#3264),#1864);
#21=STYLED_ITEM('',(#3264),#1865);
#22=STYLED_ITEM('',(#3264),#1866);
#23=STYLED_ITEM('',(#3264),#1867);
#24=STYLED_ITEM('',(#3264),#1868);
#25=STYLED_ITEM('',(#3264),#1869);
#26=STYLED_ITEM('',(#3264),#1870);
#27=STYLED_ITEM('',(#3264),#1871);
#28=STYLED_ITEM('',(#3264),#1872);
#29=STYLED_ITEM('',(#3264),#1873);
#30=STYLED_ITEM('',(#3264),#1874);
#31=STYLED_ITEM('',(#3264),#1875);
#32=STYLED_ITEM('',(#3264),#1876);
#33=STYLED_ITEM('',(#3264),#1877);
#34=STYLED_ITEM('',(#3264),#1878);
#35=STYLED_ITEM('',(#3264),#1879);
#36=STYLED_ITEM('',(#3264),#1880);
#37=STYLED_ITEM('',(#3264),#1881);
#38=STYLED_ITEM('',(#3264),#1882);
#39=STYLED_ITEM('',(#3264),#1883);
#40=STYLED_ITEM('',(#3264),#1884);
#41=STYLED_ITEM('',(#3264),#1885);
#42=STYLED_ITEM('',(#3264),#1886);
#43=STYLED_ITEM('',(#3264),#1887);
#44=STYLED_ITEM('',(#3264),#1888);
#45=STYLED_ITEM('',(#3264),#1889);
#46=STYLED_ITEM('',(#3264),#1890);
#47=STYLED_ITEM('',(#3264),#1891);
#48=STYLED_ITEM('',(#3264),#1892);
#49=STYLED_ITEM('',(#3264),#1893);
#50=STYLED_ITEM('',(#3264),#1894);
#51=STYLED_ITEM('',(#3263),#13);
#52=FACE_BOUND('',#281,.T.);
#53=FACE_BOUND('',#282,.T.);
#54=FACE_BOUND('',#283,.T.);
#55=FACE_BOUND('',#284,.T.);
#56=FACE_BOUND('',#291,.T.);
#57=FACE_BOUND('',#294,.T.);
#58=FACE_BOUND('',#297,.T.);
#59=FACE_BOUND('',#313,.T.);
#60=FACE_BOUND('',#314,.T.);
#61=FACE_BOUND('',#315,.T.);
#62=FACE_BOUND('',#316,.T.);
#63=FACE_BOUND('',#317,.T.);
#64=FACE_BOUND('',#336,.T.);
#65=FACE_BOUND('',#337,.T.);
#66=FACE_BOUND('',#338,.T.);
#67=FACE_BOUND('',#339,.T.);
#68=FACE_BOUND('',#340,.T.);
#69=FACE_BOUND('',#348,.T.);
#70=FACE_BOUND('',#351,.T.);
#71=FACE_BOUND('',#354,.T.);
#72=FACE_BOUND('',#361,.T.);
#73=FACE_BOUND('',#362,.T.);
#74=FACE_BOUND('',#363,.T.);
#75=FACE_BOUND('',#364,.T.);
#76=PLANE('',#2026);
#77=PLANE('',#2031);
#78=PLANE('',#2033);
#79=PLANE('',#2034);
#80=PLANE('',#2035);
#81=PLANE('',#2036);
#82=PLANE('',#2037);
#83=PLANE('',#2038);
#84=PLANE('',#2039);
#85=PLANE('',#2040);
#86=PLANE('',#2041);
#87=PLANE('',#2047);
#88=PLANE('',#2049);
#89=PLANE('',#2050);
#90=PLANE('',#2051);
#91=PLANE('',#2053);
#92=PLANE('',#2055);
#93=PLANE('',#2057);
#94=PLANE('',#2058);
#95=PLANE('',#2062);
#96=PLANE('',#2064);
#97=PLANE('',#2091);
#98=PLANE('',#2094);
#99=PLANE('',#2097);
#100=PLANE('',#2101);
#101=PLANE('',#2102);
#102=PLANE('',#2103);
#103=PLANE('',#2104);
#104=PLANE('',#2105);
#105=PLANE('',#2109);
#106=PLANE('',#2112);
#107=PLANE('',#2113);
#108=PLANE('',#2114);
#109=PLANE('',#2115);
#110=PLANE('',#2116);
#111=PLANE('',#2117);
#112=PLANE('',#2118);
#113=PLANE('',#2119);
#114=PLANE('',#2120);
#115=PLANE('',#2121);
#116=PLANE('',#2122);
#117=TOROIDAL_SURFACE('',#2011,2.5,1.2);
#118=TOROIDAL_SURFACE('',#2071,4.99999999999999,1.);
#119=TOROIDAL_SURFACE('',#2077,4.99999999999999,1.);
#120=TOROIDAL_SURFACE('',#2083,4.99999999999994,1.);
#121=TOROIDAL_SURFACE('',#2089,4.99999999999997,1.);
#122=B_SPLINE_CURVE_WITH_KNOTS('',3,(#2873,#2874,#2875,#2876,#2877,#2878,
#2879,#2880),.UNSPECIFIED.,.F.,.F.,(4,2,2,4),(0.,0.0241644342392873,0.0483288684785745,
0.0724070950347859),.UNSPECIFIED.);
#123=B_SPLINE_CURVE_WITH_KNOTS('',3,(#3111,#3112,#3113,#3114,#3115,#3116,
#3117,#3118),.UNSPECIFIED.,.F.,.F.,(4,2,2,4),(0.582989976416591,0.605284645671359,
0.643095574703473,0.678110529319131),.UNSPECIFIED.);
#124=ELLIPSE('',#1990,1.69705627484771,1.2);
#125=ELLIPSE('',#1993,1.69705627484771,1.2);
#126=ELLIPSE('',#1999,1.69705627484771,1.2);
#127=ELLIPSE('',#2001,2.20188192773106,1.2);
#128=ELLIPSE('',#2002,1.69705627484771,1.2);
#129=ELLIPSE('',#2023,1.43122325302519,1.2);
#130=ELLIPSE('',#2069,1.19268604418766,1.);
#131=SPHERICAL_SURFACE('',#1951,1.2);
#132=SPHERICAL_SURFACE('',#1955,1.2);
#133=SPHERICAL_SURFACE('',#1959,1.2);
#134=SPHERICAL_SURFACE('',#1963,1.2);
#135=SPHERICAL_SURFACE('',#1967,1.2);
#136=SPHERICAL_SURFACE('',#1972,1.2);
#137=SPHERICAL_SURFACE('',#1977,1.2);
#138=SPHERICAL_SURFACE('',#1981,1.2);
#139=FACE_OUTER_BOUND('',#240,.T.);
#140=FACE_OUTER_BOUND('',#241,.T.);
#141=FACE_OUTER_BOUND('',#242,.T.);
#142=FACE_OUTER_BOUND('',#243,.T.);
#143=FACE_OUTER_BOUND('',#244,.T.);
#144=FACE_OUTER_BOUND('',#245,.T.);
#145=FACE_OUTER_BOUND('',#246,.T.);
#146=FACE_OUTER_BOUND('',#247,.T.);
#147=FACE_OUTER_BOUND('',#248,.T.);
#148=FACE_OUTER_BOUND('',#249,.T.);
#149=FACE_OUTER_BOUND('',#250,.T.);
#150=FACE_OUTER_BOUND('',#251,.T.);
#151=FACE_OUTER_BOUND('',#252,.T.);
#152=FACE_OUTER_BOUND('',#253,.T.);
#153=FACE_OUTER_BOUND('',#254,.T.);
#154=FACE_OUTER_BOUND('',#255,.T.);
#155=FACE_OUTER_BOUND('',#256,.T.);
#156=FACE_OUTER_BOUND('',#257,.T.);
#157=FACE_OUTER_BOUND('',#258,.T.);
#158=FACE_OUTER_BOUND('',#259,.T.);
#159=FACE_OUTER_BOUND('',#260,.T.);
#160=FACE_OUTER_BOUND('',#261,.T.);
#161=FACE_OUTER_BOUND('',#262,.T.);
#162=FACE_OUTER_BOUND('',#263,.T.);
#163=FACE_OUTER_BOUND('',#264,.T.);
#164=FACE_OUTER_BOUND('',#265,.T.);
#165=FACE_OUTER_BOUND('',#266,.T.);
#166=FACE_OUTER_BOUND('',#267,.T.);
#167=FACE_OUTER_BOUND('',#268,.T.);
#168=FACE_OUTER_BOUND('',#269,.T.);
#169=FACE_OUTER_BOUND('',#270,.T.);
#170=FACE_OUTER_BOUND('',#271,.T.);
#171=FACE_OUTER_BOUND('',#272,.T.);
#172=FACE_OUTER_BOUND('',#273,.T.);
#173=FACE_OUTER_BOUND('',#274,.T.);
#174=FACE_OUTER_BOUND('',#275,.T.);
#175=FACE_OUTER_BOUND('',#276,.T.);
#176=FACE_OUTER_BOUND('',#277,.T.);
#177=FACE_OUTER_BOUND('',#278,.T.);
#178=FACE_OUTER_BOUND('',#279,.T.);
#179=FACE_OUTER_BOUND('',#280,.T.);
#180=FACE_OUTER_BOUND('',#285,.T.);
#181=FACE_OUTER_BOUND('',#286,.T.);
#182=FACE_OUTER_BOUND('',#287,.T.);
#183=FACE_OUTER_BOUND('',#288,.T.);
#184=FACE_OUTER_BOUND('',#289,.T.);
#185=FACE_OUTER_BOUND('',#290,.T.);
#186=FACE_OUTER_BOUND('',#292,.T.);
#187=FACE_OUTER_BOUND('',#293,.T.);
#188=FACE_OUTER_BOUND('',#295,.T.);
#189=FACE_OUTER_BOUND('',#296,.T.);
#190=FACE_OUTER_BOUND('',#298,.T.);
#191=FACE_OUTER_BOUND('',#299,.T.);
#192=FACE_OUTER_BOUND('',#300,.T.);
#193=FACE_OUTER_BOUND('',#301,.T.);
#194=FACE_OUTER_BOUND('',#302,.T.);
#195=FACE_OUTER_BOUND('',#303,.T.);
#196=FACE_OUTER_BOUND('',#304,.T.);
#197=FACE_OUTER_BOUND('',#305,.T.);
#198=FACE_OUTER_BOUND('',#306,.T.);
#199=FACE_OUTER_BOUND('',#307,.T.);
#200=FACE_OUTER_BOUND('',#308,.T.);
#201=FACE_OUTER_BOUND('',#309,.T.);
#202=FACE_OUTER_BOUND('',#310,.T.);
#203=FACE_OUTER_BOUND('',#311,.T.);
#204=FACE_OUTER_BOUND('',#312,.T.);
#205=FACE_OUTER_BOUND('',#318,.T.);
#206=FACE_OUTER_BOUND('',#319,.T.);
#207=FACE_OUTER_BOUND('',#320,.T.);
#208=FACE_OUTER_BOUND('',#321,.T.);
#209=FACE_OUTER_BOUND('',#322,.T.);
#210=FACE_OUTER_BOUND('',#323,.T.);
#211=FACE_OUTER_BOUND('',#324,.T.);
#212=FACE_OUTER_BOUND('',#325,.T.);
#213=FACE_OUTER_BOUND('',#326,.T.);
#214=FACE_OUTER_BOUND('',#327,.T.);
#215=FACE_OUTER_BOUND('',#328,.T.);
#216=FACE_OUTER_BOUND('',#329,.T.);
#217=FACE_OUTER_BOUND('',#330,.T.);
#218=FACE_OUTER_BOUND('',#331,.T.);
#219=FACE_OUTER_BOUND('',#332,.T.);
#220=FACE_OUTER_BOUND('',#333,.T.);
#221=FACE_OUTER_BOUND('',#334,.T.);
#222=FACE_OUTER_BOUND('',#335,.T.);
#223=FACE_OUTER_BOUND('',#341,.T.);
#224=FACE_OUTER_BOUND('',#342,.T.);
#225=FACE_OUTER_BOUND('',#343,.T.);
#226=FACE_OUTER_BOUND('',#344,.T.);
#227=FACE_OUTER_BOUND('',#345,.T.);
#228=FACE_OUTER_BOUND('',#346,.T.);
#229=FACE_OUTER_BOUND('',#347,.T.);
#230=FACE_OUTER_BOUND('',#349,.T.);
#231=FACE_OUTER_BOUND('',#350,.T.);
#232=FACE_OUTER_BOUND('',#352,.T.);
#233=FACE_OUTER_BOUND('',#353,.T.);
#234=FACE_OUTER_BOUND('',#355,.T.);
#235=FACE_OUTER_BOUND('',#356,.T.);
#236=FACE_OUTER_BOUND('',#357,.T.);
#237=FACE_OUTER_BOUND('',#358,.T.);
#238=FACE_OUTER_BOUND('',#359,.T.);
#239=FACE_OUTER_BOUND('',#360,.T.);
#240=EDGE_LOOP('',(#1215,#1216,#1217,#1218));
#241=EDGE_LOOP('',(#1219,#1220,#1221,#1222));
#242=EDGE_LOOP('',(#1223,#1224,#1225,#1226));
#243=EDGE_LOOP('',(#1227,#1228,#1229,#1230));
#244=EDGE_LOOP('',(#1231,#1232,#1233,#1234));
#245=EDGE_LOOP('',(#1235,#1236,#1237,#1238));
#246=EDGE_LOOP('',(#1239,#1240,#1241,#1242));
#247=EDGE_LOOP('',(#1243,#1244,#1245,#1246));
#248=EDGE_LOOP('',(#1247,#1248,#1249,#1250));
#249=EDGE_LOOP('',(#1251,#1252,#1253,#1254));
#250=EDGE_LOOP('',(#1255,#1256,#1257,#1258));
#251=EDGE_LOOP('',(#1259,#1260,#1261));
#252=EDGE_LOOP('',(#1262,#1263,#1264));
#253=EDGE_LOOP('',(#1265,#1266,#1267));
#254=EDGE_LOOP('',(#1268,#1269,#1270));
#255=EDGE_LOOP('',(#1271,#1272,#1273,#1274));
#256=EDGE_LOOP('',(#1275,#1276,#1277,#1278));
#257=EDGE_LOOP('',(#1279,#1280,#1281));
#258=EDGE_LOOP('',(#1282,#1283,#1284));
#259=EDGE_LOOP('',(#1285,#1286,#1287,#1288));
#260=EDGE_LOOP('',(#1289,#1290,#1291,#1292));
#261=EDGE_LOOP('',(#1293,#1294,#1295,#1296));
#262=EDGE_LOOP('',(#1297,#1298,#1299,#1300));
#263=EDGE_LOOP('',(#1301,#1302,#1303,#1304));
#264=EDGE_LOOP('',(#1305,#1306,#1307,#1308));
#265=EDGE_LOOP('',(#1309,#1310,#1311,#1312));
#266=EDGE_LOOP('',(#1313,#1314,#1315,#1316));
#267=EDGE_LOOP('',(#1317,#1318,#1319,#1320,#1321,#1322));
#268=EDGE_LOOP('',(#1323,#1324,#1325,#1326));
#269=EDGE_LOOP('',(#1327,#1328,#1329,#1330));
#270=EDGE_LOOP('',(#1331,#1332,#1333,#1334));
#271=EDGE_LOOP('',(#1335,#1336,#1337,#1338));
#272=EDGE_LOOP('',(#1339,#1340,#1341,#1342));
#273=EDGE_LOOP('',(#1343,#1344,#1345,#1346));
#274=EDGE_LOOP('',(#1347,#1348,#1349,#1350));
#275=EDGE_LOOP('',(#1351,#1352,#1353,#1354));
#276=EDGE_LOOP('',(#1355,#1356,#1357,#1358));
#277=EDGE_LOOP('',(#1359,#1360,#1361,#1362));
#278=EDGE_LOOP('',(#1363,#1364,#1365,#1366,#1367));
#279=EDGE_LOOP('',(#1368,#1369,#1370,#1371));
#280=EDGE_LOOP('',(#1372,#1373,#1374,#1375,#1376,#1377,#1378,#1379,#1380,
#1381));
#281=EDGE_LOOP('',(#1382));
#282=EDGE_LOOP('',(#1383));
#283=EDGE_LOOP('',(#1384));
#284=EDGE_LOOP('',(#1385,#1386,#1387,#1388,#1389,#1390,#1391,#1392));
#285=EDGE_LOOP('',(#1393,#1394,#1395,#1396,#1397,#1398,#1399,#1400,#1401,
#1402,#1403,#1404));
#286=EDGE_LOOP('',(#1405,#1406,#1407,#1408,#1409));
#287=EDGE_LOOP('',(#1410,#1411,#1412,#1413,#1414,#1415,#1416,#1417));
#288=EDGE_LOOP('',(#1418,#1419,#1420,#1421,#1422,#1423,#1424,#1425,#1426,
#1427,#1428));
#289=EDGE_LOOP('',(#1429,#1430,#1431,#1432));
#290=EDGE_LOOP('',(#1433,#1434,#1435,#1436));
#291=EDGE_LOOP('',(#1437));
#292=EDGE_LOOP('',(#1438,#1439,#1440,#1441));
#293=EDGE_LOOP('',(#1442,#1443,#1444,#1445));
#294=EDGE_LOOP('',(#1446));
#295=EDGE_LOOP('',(#1447,#1448,#1449,#1450));
#296=EDGE_LOOP('',(#1451,#1452,#1453,#1454,#1455,#1456,#1457,#1458,#1459,
#1460,#1461,#1462,#1463,#1464,#1465,#1466));
#297=EDGE_LOOP('',(#1467));
#298=EDGE_LOOP('',(#1468,#1469,#1470,#1471));
#299=EDGE_LOOP('',(#1472,#1473,#1474,#1475));
#300=EDGE_LOOP('',(#1476,#1477,#1478,#1479));
#301=EDGE_LOOP('',(#1480,#1481,#1482,#1483));
#302=EDGE_LOOP('',(#1484,#1485,#1486,#1487,#1488,#1489,#1490,#1491));
#303=EDGE_LOOP('',(#1492,#1493,#1494,#1495));
#304=EDGE_LOOP('',(#1496,#1497,#1498,#1499,#1500,#1501));
#305=EDGE_LOOP('',(#1502,#1503,#1504,#1505,#1506,#1507,#1508,#1509));
#306=EDGE_LOOP('',(#1510,#1511,#1512,#1513));
#307=EDGE_LOOP('',(#1514,#1515,#1516,#1517));
#308=EDGE_LOOP('',(#1518,#1519,#1520,#1521));
#309=EDGE_LOOP('',(#1522,#1523,#1524,#1525));
#310=EDGE_LOOP('',(#1526,#1527,#1528,#1529,#1530));
#311=EDGE_LOOP('',(#1531,#1532,#1533,#1534));
#312=EDGE_LOOP('',(#1535,#1536,#1537,#1538,#1539,#1540));
#313=EDGE_LOOP('',(#1541));
#314=EDGE_LOOP('',(#1542));
#315=EDGE_LOOP('',(#1543));
#316=EDGE_LOOP('',(#1544));
#317=EDGE_LOOP('',(#1545));
#318=EDGE_LOOP('',(#1546,#1547,#1548,#1549));
#319=EDGE_LOOP('',(#1550,#1551,#1552,#1553));
#320=EDGE_LOOP('',(#1554,#1555,#1556,#1557,#1558));
#321=EDGE_LOOP('',(#1559,#1560,#1561,#1562));
#322=EDGE_LOOP('',(#1563,#1564,#1565,#1566));
#323=EDGE_LOOP('',(#1567,#1568,#1569,#1570));
#324=EDGE_LOOP('',(#1571,#1572,#1573,#1574));
#325=EDGE_LOOP('',(#1575,#1576,#1577,#1578));
#326=EDGE_LOOP('',(#1579,#1580,#1581,#1582));
#327=EDGE_LOOP('',(#1583,#1584,#1585));
#328=EDGE_LOOP('',(#1586,#1587,#1588,#1589));
#329=EDGE_LOOP('',(#1590,#1591,#1592,#1593));
#330=EDGE_LOOP('',(#1594,#1595,#1596,#1597));
#331=EDGE_LOOP('',(#1598,#1599,#1600,#1601));
#332=EDGE_LOOP('',(#1602,#1603,#1604,#1605));
#333=EDGE_LOOP('',(#1606,#1607,#1608,#1609,#1610,#1611));
#334=EDGE_LOOP('',(#1612,#1613,#1614,#1615,#1616,#1617,#1618,#1619));
#335=EDGE_LOOP('',(#1620,#1621,#1622,#1623,#1624,#1625,#1626,#1627));
#336=EDGE_LOOP('',(#1628));
#337=EDGE_LOOP('',(#1629));
#338=EDGE_LOOP('',(#1630));
#339=EDGE_LOOP('',(#1631));
#340=EDGE_LOOP('',(#1632));
#341=EDGE_LOOP('',(#1633,#1634,#1635,#1636));
#342=EDGE_LOOP('',(#1637,#1638,#1639,#1640,#1641));
#343=EDGE_LOOP('',(#1642,#1643,#1644,#1645));
#344=EDGE_LOOP('',(#1646,#1647,#1648,#1649));
#345=EDGE_LOOP('',(#1650,#1651,#1652,#1653));
#346=EDGE_LOOP('',(#1654,#1655,#1656,#1657));
#347=EDGE_LOOP('',(#1658,#1659,#1660,#1661,#1662,#1663,#1664,#1665,#1666,
#1667,#1668,#1669,#1670,#1671));
#348=EDGE_LOOP('',(#1672));
#349=EDGE_LOOP('',(#1673,#1674,#1675,#1676));
#350=EDGE_LOOP('',(#1677,#1678,#1679,#1680));
#351=EDGE_LOOP('',(#1681));
#352=EDGE_LOOP('',(#1682,#1683,#1684,#1685));
#353=EDGE_LOOP('',(#1686,#1687,#1688,#1689));
#354=EDGE_LOOP('',(#1690));
#355=EDGE_LOOP('',(#1691,#1692,#1693,#1694));
#356=EDGE_LOOP('',(#1695,#1696,#1697,#1698,#1699,#1700,#1701,#1702,#1703,
#1704));
#357=EDGE_LOOP('',(#1705,#1706,#1707,#1708,#1709,#1710,#1711,#1712));
#358=EDGE_LOOP('',(#1713,#1714,#1715,#1716,#1717,#1718));
#359=EDGE_LOOP('',(#1719,#1720,#1721,#1722,#1723,#1724,#1725,#1726,#1727,
#1728,#1729));
#360=EDGE_LOOP('',(#1730,#1731,#1732,#1733,#1734,#1735,#1736,#1737,#1738,
#1739));
#361=EDGE_LOOP('',(#1740));
#362=EDGE_LOOP('',(#1741));
#363=EDGE_LOOP('',(#1742));
#364=EDGE_LOOP('',(#1743,#1744,#1745,#1746));
#365=LINE('',#2700,#525);
#366=LINE('',#2706,#526);
#367=LINE('',#2712,#527);
#368=LINE('',#2718,#528);
#369=LINE('',#2724,#529);
#370=LINE('',#2730,#530);
#371=LINE('',#2736,#531);
#372=LINE('',#2742,#532);
#373=LINE('',#2748,#533);
#374=LINE('',#2754,#534);
#375=LINE('',#2760,#535);
#376=LINE('',#2824,#536);
#377=LINE('',#2826,#537);
#378=LINE('',#2830,#538);
#379=LINE('',#2832,#539);
#380=LINE('',#2836,#540);
#381=LINE('',#2839,#541);
#382=LINE('',#2841,#542);
#383=LINE('',#2842,#543);
#384=LINE('',#2845,#544);
#385=LINE('',#2847,#545);
#386=LINE('',#2851,#546);
#387=LINE('',#2854,#547);
#388=LINE('',#2857,#548);
#389=LINE('',#2859,#549);
#390=LINE('',#2863,#550);
#391=LINE('',#2865,#551);
#392=LINE('',#2869,#552);
#393=LINE('',#2882,#553);
#394=LINE('',#2886,#554);
#395=LINE('',#2889,#555);
#396=LINE('',#2892,#556);
#397=LINE('',#2894,#557);
#398=LINE('',#2900,#558);
#399=LINE('',#2901,#559);
#400=LINE('',#2904,#560);
#401=LINE('',#2906,#561);
#402=LINE('',#2915,#562);
#403=LINE('',#2916,#563);
#404=LINE('',#2918,#564);
#405=LINE('',#2919,#565);
#406=LINE('',#2921,#566);
#407=LINE('',#2922,#567);
#408=LINE('',#2925,#568);
#409=LINE('',#2927,#569);
#410=LINE('',#2931,#570);
#411=LINE('',#2933,#571);
#412=LINE('',#2938,#572);
#413=LINE('',#2939,#573);
#414=LINE('',#2942,#574);
#415=LINE('',#2944,#575);
#416=LINE('',#2949,#576);
#417=LINE('',#2953,#577);
#418=LINE('',#2957,#578);
#419=LINE('',#2961,#579);
#420=LINE('',#2965,#580);
#421=LINE('',#2966,#581);
#422=LINE('',#2967,#582);
#423=LINE('',#2968,#583);
#424=LINE('',#2969,#584);
#425=LINE('',#2970,#585);
#426=LINE('',#2975,#586);
#427=LINE('',#2976,#587);
#428=LINE('',#2977,#588);
#429=LINE('',#2978,#589);
#430=LINE('',#2980,#590);
#431=LINE('',#2981,#591);
#432=LINE('',#2983,#592);
#433=LINE('',#2986,#593);
#434=LINE('',#2987,#594);
#435=LINE('',#2990,#595);
#436=LINE('',#2993,#596);
#437=LINE('',#3000,#597);
#438=LINE('',#3001,#598);
#439=LINE('',#3002,#599);
#440=LINE('',#3004,#600);
#441=LINE('',#3006,#601);
#442=LINE('',#3010,#602);
#443=LINE('',#3013,#603);
#444=LINE('',#3015,#604);
#445=LINE('',#3016,#605);
#446=LINE('',#3021,#606);
#447=LINE('',#3023,#607);
#448=LINE('',#3025,#608);
#449=LINE('',#3027,#609);
#450=LINE('',#3029,#610);
#451=LINE('',#3031,#611);
#452=LINE('',#3033,#612);
#453=LINE('',#3041,#613);
#454=LINE('',#3044,#614);
#455=LINE('',#3047,#615);
#456=LINE('',#3051,#616);
#457=LINE('',#3053,#617);
#458=LINE('',#3054,#618);
#459=LINE('',#3057,#619);
#460=LINE('',#3058,#620);
#461=LINE('',#3062,#621);
#462=LINE('',#3066,#622);
#463=LINE('',#3070,#623);
#464=LINE('',#3084,#624);
#465=LINE('',#3085,#625);
#466=LINE('',#3096,#626);
#467=LINE('',#3097,#627);
#468=LINE('',#3107,#628);
#469=LINE('',#3108,#629);
#470=LINE('',#3122,#630);
#471=LINE('',#3124,#631);
#472=LINE('',#3125,#632);
#473=LINE('',#3128,#633);
#474=LINE('',#3132,#634);
#475=LINE('',#3133,#635);
#476=LINE('',#3136,#636);
#477=LINE('',#3140,#637);
#478=LINE('',#3141,#638);
#479=LINE('',#3144,#639);
#480=LINE('',#3148,#640);
#481=LINE('',#3152,#641);
#482=LINE('',#3154,#642);
#483=LINE('',#3156,#643);
#484=LINE('',#3158,#644);
#485=LINE('',#3159,#645);
#486=LINE('',#3162,#646);
#487=LINE('',#3164,#647);
#488=LINE('',#3166,#648);
#489=LINE('',#3167,#649);
#490=LINE('',#3171,#650);
#491=LINE('',#3172,#651);
#492=LINE('',#3173,#652);
#493=LINE('',#3176,#653);
#494=LINE('',#3177,#654);
#495=LINE('',#3180,#655);
#496=LINE('',#3182,#656);
#497=LINE('',#3183,#657);
#498=LINE('',#3188,#658);
#499=LINE('',#3192,#659);
#500=LINE('',#3194,#660);
#501=LINE('',#3195,#661);
#502=LINE('',#3199,#662);
#503=LINE('',#3203,#663);
#504=LINE('',#3205,#664);
#505=LINE('',#3207,#665);
#506=LINE('',#3208,#666);
#507=LINE('',#3210,#667);
#508=LINE('',#3211,#668);
#509=LINE('',#3215,#669);
#510=LINE('',#3217,#670);
#511=LINE('',#3219,#671);
#512=LINE('',#3220,#672);
#513=LINE('',#3223,#673);
#514=LINE('',#3225,#674);
#515=LINE('',#3226,#675);
#516=LINE('',#3229,#676);
#517=LINE('',#3231,#677);
#518=LINE('',#3232,#678);
#519=LINE('',#3234,#679);
#520=LINE('',#3235,#680);
#521=LINE('',#3237,#681);
#522=LINE('',#3238,#682);
#523=LINE('',#3240,#683);
#524=LINE('',#3241,#684);
#525=VECTOR('',#2129,0.6105);
#526=VECTOR('',#2136,0.6105);
#527=VECTOR('',#2143,0.6105);
#528=VECTOR('',#2150,0.6105);
#529=VECTOR('',#2157,0.6105);
#530=VECTOR('',#2164,0.6105);
#531=VECTOR('',#2171,0.6105);
#532=VECTOR('',#2178,0.6105);
#533=VECTOR('',#2185,0.6105);
#534=VECTOR('',#2192,0.6105);
#535=VECTOR('',#2199,0.6105);
#536=VECTOR('',#2272,10.);
#537=VECTOR('',#2273,10.);
#538=VECTOR('',#2278,10.);
#539=VECTOR('',#2279,10.);
#540=VECTOR('',#2284,10.);
#541=VECTOR('',#2287,10.);
#542=VECTOR('',#2290,10.);
#543=VECTOR('',#2291,10.);
#544=VECTOR('',#2294,10.);
#545=VECTOR('',#2295,10.);
#546=VECTOR('',#2300,10.);
#547=VECTOR('',#2303,10.);
#548=VECTOR('',#2306,10.);
#549=VECTOR('',#2307,10.);
#550=VECTOR('',#2312,10.);
#551=VECTOR('',#2313,10.);
#552=VECTOR('',#2318,10.);
#553=VECTOR('',#2321,10.);
#554=VECTOR('',#2326,10.);
#555=VECTOR('',#2329,10.);
#556=VECTOR('',#2332,10.);
#557=VECTOR('',#2333,10.);
#558=VECTOR('',#2340,10.);
#559=VECTOR('',#2341,10.);
#560=VECTOR('',#2344,10.);
#561=VECTOR('',#2345,10.);
#562=VECTOR('',#2358,10.);
#563=VECTOR('',#2359,10.);
#564=VECTOR('',#2362,10.);
#565=VECTOR('',#2363,10.);
#566=VECTOR('',#2366,10.);
#567=VECTOR('',#2367,10.);
#568=VECTOR('',#2370,10.);
#569=VECTOR('',#2371,10.);
#570=VECTOR('',#2376,10.);
#571=VECTOR('',#2377,10.);
#572=VECTOR('',#2384,10.);
#573=VECTOR('',#2385,10.);
#574=VECTOR('',#2388,10.);
#575=VECTOR('',#2389,10.);
#576=VECTOR('',#2394,10.);
#577=VECTOR('',#2397,10.);
#578=VECTOR('',#2400,10.);
#579=VECTOR('',#2403,10.);
#580=VECTOR('',#2406,10.);
#581=VECTOR('',#2407,10.);
#582=VECTOR('',#2408,10.);
#583=VECTOR('',#2409,10.);
#584=VECTOR('',#2410,10.);
#585=VECTOR('',#2411,10.);
#586=VECTOR('',#2416,10.);
#587=VECTOR('',#2417,10.);
#588=VECTOR('',#2418,10.);
#589=VECTOR('',#2419,10.);
#590=VECTOR('',#2422,10.);
#591=VECTOR('',#2423,10.);
#592=VECTOR('',#2426,10.);
#593=VECTOR('',#2429,10.);
#594=VECTOR('',#2430,10.);
#595=VECTOR('',#2435,10.);
#596=VECTOR('',#2440,10.);
#597=VECTOR('',#2447,10.);
#598=VECTOR('',#2448,10.);
#599=VECTOR('',#2449,10.);
#600=VECTOR('',#2452,10.);
#601=VECTOR('',#2453,10.);
#602=VECTOR('',#2456,10.);
#603=VECTOR('',#2459,10.);
#604=VECTOR('',#2462,10.);
#605=VECTOR('',#2463,10.);
#606=VECTOR('',#2472,10.);
#607=VECTOR('',#2475,10.);
#608=VECTOR('',#2478,10.);
#609=VECTOR('',#2481,10.);
#610=VECTOR('',#2484,10.);
#611=VECTOR('',#2487,10.);
#612=VECTOR('',#2490,10.);
#613=VECTOR('',#2499,10.);
#614=VECTOR('',#2502,10.);
#615=VECTOR('',#2505,10.);
#616=VECTOR('',#2508,10.);
#617=VECTOR('',#2509,10.);
#618=VECTOR('',#2510,10.);
#619=VECTOR('',#2513,10.);
#620=VECTOR('',#2514,10.);
#621=VECTOR('',#2519,10.);
#622=VECTOR('',#2522,10.);
#623=VECTOR('',#2525,10.);
#624=VECTOR('',#2542,10.);
#625=VECTOR('',#2543,10.);
#626=VECTOR('',#2556,10.);
#627=VECTOR('',#2557,10.);
#628=VECTOR('',#2570,10.);
#629=VECTOR('',#2571,10.);
#630=VECTOR('',#2578,10.);
#631=VECTOR('',#2579,10.);
#632=VECTOR('',#2580,10.);
#633=VECTOR('',#2583,10.);
#634=VECTOR('',#2588,10.);
#635=VECTOR('',#2589,10.);
#636=VECTOR('',#2592,10.);
#637=VECTOR('',#2597,10.);
#638=VECTOR('',#2598,10.);
#639=VECTOR('',#2601,10.);
#640=VECTOR('',#2604,10.);
#641=VECTOR('',#2609,10.);
#642=VECTOR('',#2610,10.);
#643=VECTOR('',#2611,10.);
#644=VECTOR('',#2612,10.);
#645=VECTOR('',#2613,10.);
#646=VECTOR('',#2616,10.);
#647=VECTOR('',#2617,10.);
#648=VECTOR('',#2618,10.);
#649=VECTOR('',#2619,10.);
#650=VECTOR('',#2622,10.);
#651=VECTOR('',#2623,10.);
#652=VECTOR('',#2624,10.);
#653=VECTOR('',#2627,10.);
#654=VECTOR('',#2628,10.);
#655=VECTOR('',#2631,10.);
#656=VECTOR('',#2632,10.);
#657=VECTOR('',#2633,10.);
#658=VECTOR('',#2638,10.);
#659=VECTOR('',#2643,10.);
#660=VECTOR('',#2644,10.);
#661=VECTOR('',#2645,10.);
#662=VECTOR('',#2652,10.);
#663=VECTOR('',#2655,10.);
#664=VECTOR('',#2656,10.);
#665=VECTOR('',#2657,10.);
#666=VECTOR('',#2658,10.);
#667=VECTOR('',#2661,10.);
#668=VECTOR('',#2662,10.);
#669=VECTOR('',#2665,10.);
#670=VECTOR('',#2666,10.);
#671=VECTOR('',#2667,10.);
#672=VECTOR('',#2668,10.);
#673=VECTOR('',#2671,10.);
#674=VECTOR('',#2672,10.);
#675=VECTOR('',#2673,10.);
#676=VECTOR('',#2676,10.);
#677=VECTOR('',#2677,10.);
#678=VECTOR('',#2678,10.);
#679=VECTOR('',#2681,10.);
#680=VECTOR('',#2682,10.);
#681=VECTOR('',#2685,10.);
#682=VECTOR('',#2686,10.);
#683=VECTOR('',#2689,10.);
#684=VECTOR('',#2690,10.);
#685=CIRCLE('',#1919,0.6105);
#686=CIRCLE('',#1920,0.6105);
#687=CIRCLE('',#1922,0.6105);
#688=CIRCLE('',#1923,0.6105);
#689=CIRCLE('',#1925,0.6105);
#690=CIRCLE('',#1926,0.6105);
#691=CIRCLE('',#1928,0.6105);
#692=CIRCLE('',#1929,0.6105);
#693=CIRCLE('',#1931,0.6105);
#694=CIRCLE('',#1932,0.6105);
#695=CIRCLE('',#1934,0.6105);
#696=CIRCLE('',#1935,0.6105);
#697=CIRCLE('',#1937,0.6105);
#698=CIRCLE('',#1938,0.6105);
#699=CIRCLE('',#1940,0.6105);
#700=CIRCLE('',#1941,0.6105);
#701=CIRCLE('',#1943,0.6105);
#702=CIRCLE('',#1944,0.6105);
#703=CIRCLE('',#1946,0.6105);
#704=CIRCLE('',#1947,0.6105);
#705=CIRCLE('',#1949,0.6105);
#706=CIRCLE('',#1950,0.6105);
#707=CIRCLE('',#1952,1.2);
#708=CIRCLE('',#1953,1.2);
#709=CIRCLE('',#1954,1.2);
#710=CIRCLE('',#1956,1.2);
#711=CIRCLE('',#1957,1.2);
#712=CIRCLE('',#1958,1.2);
#713=CIRCLE('',#1960,1.2);
#714=CIRCLE('',#1961,1.2);
#715=CIRCLE('',#1962,1.2);
#716=CIRCLE('',#1964,1.2);
#717=CIRCLE('',#1965,1.2);
#718=CIRCLE('',#1966,1.2);
#719=CIRCLE('',#1968,1.2);
#720=CIRCLE('',#1969,1.2);
#721=CIRCLE('',#1970,1.2);
#722=CIRCLE('',#1971,0.894427190999915);
#723=CIRCLE('',#1973,0.894427190999918);
#724=CIRCLE('',#1974,0.894427190999915);
#725=CIRCLE('',#1975,1.2);
#726=CIRCLE('',#1976,1.2);
#727=CIRCLE('',#1978,1.2);
#728=CIRCLE('',#1979,1.02137334519614);
#729=CIRCLE('',#1980,1.2);
#730=CIRCLE('',#1982,1.2);
#731=CIRCLE('',#1983,1.2);
#732=CIRCLE('',#1984,1.2);
#733=CIRCLE('',#1986,1.2);
#734=CIRCLE('',#1988,1.2);
#735=CIRCLE('',#1995,1.2);
#736=CIRCLE('',#1997,1.2);
#737=CIRCLE('',#2004,1.2);
#738=CIRCLE('',#2006,1.2);
#739=CIRCLE('',#2008,1.2);
#740=CIRCLE('',#2010,1.2);
#741=CIRCLE('',#2012,2.5);
#742=CIRCLE('',#2013,1.3);
#743=CIRCLE('',#2015,1.2);
#744=CIRCLE('',#2019,1.2);
#745=CIRCLE('',#2021,1.2);
#746=CIRCLE('',#2025,1.2);
#747=CIRCLE('',#2027,4.79999999999997);
#748=CIRCLE('',#2028,4.79999999999999);
#749=CIRCLE('',#2029,4.79999999999999);
#750=CIRCLE('',#2030,4.79999999999994);
#751=CIRCLE('',#2032,4.79999999999997);
#752=CIRCLE('',#2042,4.79999999999999);
#753=CIRCLE('',#2043,1.3);
#754=CIRCLE('',#2044,4.79999999999994);
#755=CIRCLE('',#2045,4.79999999999999);
#756=CIRCLE('',#2060,3.);
#757=CIRCLE('',#2061,3.);
#758=CIRCLE('',#2063,3.);
#759=CIRCLE('',#2066,3.);
#760=CIRCLE('',#2068,1.);
#761=CIRCLE('',#2070,1.);
#762=CIRCLE('',#2072,1.);
#763=CIRCLE('',#2073,4.99999999999999);
#764=CIRCLE('',#2074,5.99999999999999);
#765=CIRCLE('',#2076,1.);
#766=CIRCLE('',#2078,1.);
#767=CIRCLE('',#2079,4.99999999999999);
#768=CIRCLE('',#2080,5.99999999999999);
#769=CIRCLE('',#2082,0.999999999999998);
#770=CIRCLE('',#2084,1.00000000000006);
#771=CIRCLE('',#2085,4.99999999999994);
#772=CIRCLE('',#2086,5.99999999999994);
#773=CIRCLE('',#2088,1.);
#774=CIRCLE('',#2090,5.99999999999997);
#775=CIRCLE('',#2093,5.99999999999999);
#776=CIRCLE('',#2096,5.99999999999999);
#777=CIRCLE('',#2099,5.99999999999997);
#778=CIRCLE('',#2100,5.99999999999997);
#779=CIRCLE('',#2107,2.5);
#780=CIRCLE('',#2108,2.5);
#781=CIRCLE('',#2111,5.99999999999994);
#782=VERTEX_POINT('',#2697);
#783=VERTEX_POINT('',#2699);
#784=VERTEX_POINT('',#2703);
#785=VERTEX_POINT('',#2705);
#786=VERTEX_POINT('',#2709);
#787=VERTEX_POINT('',#2711);
#788=VERTEX_POINT('',#2715);
#789=VERTEX_POINT('',#2717);
#790=VERTEX_POINT('',#2721);
#791=VERTEX_POINT('',#2723);
#792=VERTEX_POINT('',#2727);
#793=VERTEX_POINT('',#2729);
#794=VERTEX_POINT('',#2733);
#795=VERTEX_POINT('',#2735);
#796=VERTEX_POINT('',#2739);
#797=VERTEX_POINT('',#2741);
#798=VERTEX_POINT('',#2745);
#799=VERTEX_POINT('',#2747);
#800=VERTEX_POINT('',#2751);
#801=VERTEX_POINT('',#2753);
#802=VERTEX_POINT('',#2757);
#803=VERTEX_POINT('',#2759);
#804=VERTEX_POINT('',#2763);
#805=VERTEX_POINT('',#2764);
#806=VERTEX_POINT('',#2766);
#807=VERTEX_POINT('',#2770);
#808=VERTEX_POINT('',#2771);
#809=VERTEX_POINT('',#2773);
#810=VERTEX_POINT('',#2777);
#811=VERTEX_POINT('',#2778);
#812=VERTEX_POINT('',#2780);
#813=VERTEX_POINT('',#2784);
#814=VERTEX_POINT('',#2785);
#815=VERTEX_POINT('',#2787);
#816=VERTEX_POINT('',#2791);
#817=VERTEX_POINT('',#2792);
#818=VERTEX_POINT('',#2794);
#819=VERTEX_POINT('',#2796);
#820=VERTEX_POINT('',#2800);
#821=VERTEX_POINT('',#2801);
#822=VERTEX_POINT('',#2803);
#823=VERTEX_POINT('',#2805);
#824=VERTEX_POINT('',#2809);
#825=VERTEX_POINT('',#2810);
#826=VERTEX_POINT('',#2812);
#827=VERTEX_POINT('',#2816);
#828=VERTEX_POINT('',#2817);
#829=VERTEX_POINT('',#2819);
#830=VERTEX_POINT('',#2823);
#831=VERTEX_POINT('',#2825);
#832=VERTEX_POINT('',#2829);
#833=VERTEX_POINT('',#2831);
#834=VERTEX_POINT('',#2835);
#835=VERTEX_POINT('',#2837);
#836=VERTEX_POINT('',#2844);
#837=VERTEX_POINT('',#2846);
#838=VERTEX_POINT('',#2850);
#839=VERTEX_POINT('',#2852);
#840=VERTEX_POINT('',#2856);
#841=VERTEX_POINT('',#2858);
#842=VERTEX_POINT('',#2862);
#843=VERTEX_POINT('',#2864);
#844=VERTEX_POINT('',#2868);
#845=VERTEX_POINT('',#2870);
#846=VERTEX_POINT('',#2872);
#847=VERTEX_POINT('',#2881);
#848=VERTEX_POINT('',#2885);
#849=VERTEX_POINT('',#2887);
#850=VERTEX_POINT('',#2891);
#851=VERTEX_POINT('',#2893);
#852=VERTEX_POINT('',#2897);
#853=VERTEX_POINT('',#2898);
#854=VERTEX_POINT('',#2903);
#855=VERTEX_POINT('',#2905);
#856=VERTEX_POINT('',#2912);
#857=VERTEX_POINT('',#2913);
#858=VERTEX_POINT('',#2924);
#859=VERTEX_POINT('',#2926);
#860=VERTEX_POINT('',#2930);
#861=VERTEX_POINT('',#2932);
#862=VERTEX_POINT('',#2936);
#863=VERTEX_POINT('',#2941);
#864=VERTEX_POINT('',#2943);
#865=VERTEX_POINT('',#2947);
#866=VERTEX_POINT('',#2948);
#867=VERTEX_POINT('',#2950);
#868=VERTEX_POINT('',#2952);
#869=VERTEX_POINT('',#2954);
#870=VERTEX_POINT('',#2956);
#871=VERTEX_POINT('',#2958);
#872=VERTEX_POINT('',#2960);
#873=VERTEX_POINT('',#2962);
#874=VERTEX_POINT('',#2964);
#875=VERTEX_POINT('',#2972);
#876=VERTEX_POINT('',#2973);
#877=VERTEX_POINT('',#2985);
#878=VERTEX_POINT('',#2996);
#879=VERTEX_POINT('',#2997);
#880=VERTEX_POINT('',#2999);
#881=VERTEX_POINT('',#3005);
#882=VERTEX_POINT('',#3007);
#883=VERTEX_POINT('',#3009);
#884=VERTEX_POINT('',#3011);
#885=VERTEX_POINT('',#3037);
#886=VERTEX_POINT('',#3038);
#887=VERTEX_POINT('',#3040);
#888=VERTEX_POINT('',#3042);
#889=VERTEX_POINT('',#3046);
#890=VERTEX_POINT('',#3048);
#891=VERTEX_POINT('',#3050);
#892=VERTEX_POINT('',#3052);
#893=VERTEX_POINT('',#3056);
#894=VERTEX_POINT('',#3060);
#895=VERTEX_POINT('',#3064);
#896=VERTEX_POINT('',#3065);
#897=VERTEX_POINT('',#3067);
#898=VERTEX_POINT('',#3069);
#899=VERTEX_POINT('',#3071);
#900=VERTEX_POINT('',#3075);
#901=VERTEX_POINT('',#3076);
#902=VERTEX_POINT('',#3081);
#903=VERTEX_POINT('',#3082);
#904=VERTEX_POINT('',#3087);
#905=VERTEX_POINT('',#3088);
#906=VERTEX_POINT('',#3093);
#907=VERTEX_POINT('',#3094);
#908=VERTEX_POINT('',#3099);
#909=VERTEX_POINT('',#3100);
#910=VERTEX_POINT('',#3105);
#911=VERTEX_POINT('',#3110);
#912=VERTEX_POINT('',#3121);
#913=VERTEX_POINT('',#3123);
#914=VERTEX_POINT('',#3127);
#915=VERTEX_POINT('',#3131);
#916=VERTEX_POINT('',#3135);
#917=VERTEX_POINT('',#3139);
#918=VERTEX_POINT('',#3143);
#919=VERTEX_POINT('',#3145);
#920=VERTEX_POINT('',#3147);
#921=VERTEX_POINT('',#3151);
#922=VERTEX_POINT('',#3153);
#923=VERTEX_POINT('',#3155);
#924=VERTEX_POINT('',#3157);
#925=VERTEX_POINT('',#3161);
#926=VERTEX_POINT('',#3163);
#927=VERTEX_POINT('',#3165);
#928=VERTEX_POINT('',#3169);
#929=VERTEX_POINT('',#3170);
#930=VERTEX_POINT('',#3175);
#931=VERTEX_POINT('',#3179);
#932=VERTEX_POINT('',#3181);
#933=VERTEX_POINT('',#3185);
#934=VERTEX_POINT('',#3187);
#935=VERTEX_POINT('',#3191);
#936=VERTEX_POINT('',#3193);
#937=VERTEX_POINT('',#3201);
#938=VERTEX_POINT('',#3202);
#939=VERTEX_POINT('',#3204);
#940=VERTEX_POINT('',#3206);
#941=VERTEX_POINT('',#3213);
#942=VERTEX_POINT('',#3214);
#943=VERTEX_POINT('',#3216);
#944=VERTEX_POINT('',#3218);
#945=VERTEX_POINT('',#3222);
#946=VERTEX_POINT('',#3224);
#947=VERTEX_POINT('',#3228);
#948=VERTEX_POINT('',#3230);
#949=EDGE_CURVE('',#782,#782,#685,.T.);
#950=EDGE_CURVE('',#782,#783,#365,.T.);
#951=EDGE_CURVE('',#783,#783,#686,.T.);
#952=EDGE_CURVE('',#784,#784,#687,.T.);
#953=EDGE_CURVE('',#784,#785,#366,.T.);
#954=EDGE_CURVE('',#785,#785,#688,.T.);
#955=EDGE_CURVE('',#786,#786,#689,.T.);
#956=EDGE_CURVE('',#786,#787,#367,.T.);
#957=EDGE_CURVE('',#787,#787,#690,.T.);
#958=EDGE_CURVE('',#788,#788,#691,.T.);
#959=EDGE_CURVE('',#788,#789,#368,.T.);
#960=EDGE_CURVE('',#789,#789,#692,.T.);
#961=EDGE_CURVE('',#790,#790,#693,.T.);
#962=EDGE_CURVE('',#790,#791,#369,.T.);
#963=EDGE_CURVE('',#791,#791,#694,.T.);
#964=EDGE_CURVE('',#792,#792,#695,.T.);
#965=EDGE_CURVE('',#792,#793,#370,.T.);
#966=EDGE_CURVE('',#793,#793,#696,.T.);
#967=EDGE_CURVE('',#794,#794,#697,.T.);
#968=EDGE_CURVE('',#794,#795,#371,.T.);
#969=EDGE_CURVE('',#795,#795,#698,.T.);
#970=EDGE_CURVE('',#796,#796,#699,.T.);
#971=EDGE_CURVE('',#796,#797,#372,.T.);
#972=EDGE_CURVE('',#797,#797,#700,.T.);
#973=EDGE_CURVE('',#798,#798,#701,.T.);
#974=EDGE_CURVE('',#798,#799,#373,.T.);
#975=EDGE_CURVE('',#799,#799,#702,.T.);
#976=EDGE_CURVE('',#800,#800,#703,.T.);
#977=EDGE_CURVE('',#800,#801,#374,.T.);
#978=EDGE_CURVE('',#801,#801,#704,.T.);
#979=EDGE_CURVE('',#802,#802,#705,.T.);
#980=EDGE_CURVE('',#802,#803,#375,.T.);
#981=EDGE_CURVE('',#803,#803,#706,.T.);
#982=EDGE_CURVE('',#804,#805,#707,.T.);
#983=EDGE_CURVE('',#806,#804,#708,.T.);
#984=EDGE_CURVE('',#805,#806,#709,.T.);
#985=EDGE_CURVE('',#807,#808,#710,.T.);
#986=EDGE_CURVE('',#809,#807,#711,.T.);
#987=EDGE_CURVE('',#808,#809,#712,.T.);
#988=EDGE_CURVE('',#810,#811,#713,.T.);
#989=EDGE_CURVE('',#812,#810,#714,.T.);
#990=EDGE_CURVE('',#811,#812,#715,.T.);
#991=EDGE_CURVE('',#813,#814,#716,.T.);
#992=EDGE_CURVE('',#815,#813,#717,.T.);
#993=EDGE_CURVE('',#814,#815,#718,.T.);
#994=EDGE_CURVE('',#816,#817,#719,.T.);
#995=EDGE_CURVE('',#818,#816,#720,.T.);
#996=EDGE_CURVE('',#819,#818,#721,.T.);
#997=EDGE_CURVE('',#817,#819,#722,.T.);
#998=EDGE_CURVE('',#820,#821,#723,.T.);
#999=EDGE_CURVE('',#822,#820,#724,.T.);
#1000=EDGE_CURVE('',#823,#822,#725,.T.);
#1001=EDGE_CURVE('',#821,#823,#726,.T.);
#1002=EDGE_CURVE('',#824,#825,#727,.T.);
#1003=EDGE_CURVE('',#826,#824,#728,.T.);
#1004=EDGE_CURVE('',#825,#826,#729,.T.);
#1005=EDGE_CURVE('',#827,#828,#730,.T.);
#1006=EDGE_CURVE('',#829,#827,#731,.T.);
#1007=EDGE_CURVE('',#828,#829,#732,.T.);
#1008=EDGE_CURVE('',#805,#830,#376,.T.);
#1009=EDGE_CURVE('',#806,#831,#377,.T.);
#1010=EDGE_CURVE('',#830,#831,#733,.T.);
#1011=EDGE_CURVE('',#808,#832,#378,.T.);
#1012=EDGE_CURVE('',#809,#833,#379,.T.);
#1013=EDGE_CURVE('',#832,#833,#734,.T.);
#1014=EDGE_CURVE('',#834,#804,#380,.T.);
#1015=EDGE_CURVE('',#834,#835,#124,.T.);
#1016=EDGE_CURVE('',#835,#806,#381,.T.);
#1017=EDGE_CURVE('',#804,#807,#382,.T.);
#1018=EDGE_CURVE('',#805,#809,#383,.T.);
#1019=EDGE_CURVE('',#807,#836,#384,.T.);
#1020=EDGE_CURVE('',#808,#837,#385,.T.);
#1021=EDGE_CURVE('',#837,#836,#125,.T.);
#1022=EDGE_CURVE('',#838,#834,#386,.T.);
#1023=EDGE_CURVE('',#838,#839,#735,.T.);
#1024=EDGE_CURVE('',#839,#835,#387,.T.);
#1025=EDGE_CURVE('',#836,#840,#388,.T.);
#1026=EDGE_CURVE('',#837,#841,#389,.T.);
#1027=EDGE_CURVE('',#841,#840,#736,.T.);
#1028=EDGE_CURVE('',#828,#842,#390,.T.);
#1029=EDGE_CURVE('',#829,#843,#391,.T.);
#1030=EDGE_CURVE('',#843,#842,#126,.T.);
#1031=EDGE_CURVE('',#825,#844,#392,.T.);
#1032=EDGE_CURVE('',#845,#826,#127,.T.);
#1033=EDGE_CURVE('',#846,#845,#122,.T.);
#1034=EDGE_CURVE('',#846,#847,#393,.T.);
#1035=EDGE_CURVE('',#847,#844,#128,.T.);
#1036=EDGE_CURVE('',#848,#843,#394,.T.);
#1037=EDGE_CURVE('',#848,#849,#737,.T.);
#1038=EDGE_CURVE('',#849,#842,#395,.T.);
#1039=EDGE_CURVE('',#844,#850,#396,.T.);
#1040=EDGE_CURVE('',#847,#851,#397,.T.);
#1041=EDGE_CURVE('',#851,#850,#738,.T.);
#1042=EDGE_CURVE('',#852,#853,#739,.T.);
#1043=EDGE_CURVE('',#852,#812,#398,.T.);
#1044=EDGE_CURVE('',#853,#810,#399,.T.);
#1045=EDGE_CURVE('',#810,#854,#400,.T.);
#1046=EDGE_CURVE('',#811,#855,#401,.T.);
#1047=EDGE_CURVE('',#854,#855,#740,.T.);
#1048=EDGE_CURVE('',#812,#814,#741,.T.);
#1049=EDGE_CURVE('',#811,#815,#742,.T.);
#1050=EDGE_CURVE('',#856,#857,#743,.T.);
#1051=EDGE_CURVE('',#815,#856,#402,.T.);
#1052=EDGE_CURVE('',#813,#857,#403,.T.);
#1053=EDGE_CURVE('',#813,#816,#404,.T.);
#1054=EDGE_CURVE('',#814,#818,#405,.T.);
#1055=EDGE_CURVE('',#819,#822,#406,.T.);
#1056=EDGE_CURVE('',#818,#823,#407,.T.);
#1057=EDGE_CURVE('',#816,#858,#408,.T.);
#1058=EDGE_CURVE('',#859,#817,#409,.T.);
#1059=EDGE_CURVE('',#858,#859,#744,.T.);
#1060=EDGE_CURVE('',#821,#860,#410,.T.);
#1061=EDGE_CURVE('',#823,#861,#411,.T.);
#1062=EDGE_CURVE('',#860,#861,#745,.T.);
#1063=EDGE_CURVE('',#824,#862,#129,.T.);
#1064=EDGE_CURVE('',#825,#829,#412,.T.);
#1065=EDGE_CURVE('',#862,#827,#413,.T.);
#1066=EDGE_CURVE('',#827,#863,#414,.T.);
#1067=EDGE_CURVE('',#828,#864,#415,.T.);
#1068=EDGE_CURVE('',#863,#864,#746,.T.);
#1069=EDGE_CURVE('',#865,#866,#416,.T.);
#1070=EDGE_CURVE('',#867,#865,#747,.T.);
#1071=EDGE_CURVE('',#868,#867,#417,.T.);
#1072=EDGE_CURVE('',#869,#868,#748,.T.);
#1073=EDGE_CURVE('',#870,#869,#418,.T.);
#1074=EDGE_CURVE('',#871,#870,#749,.T.);
#1075=EDGE_CURVE('',#872,#871,#419,.T.);
#1076=EDGE_CURVE('',#873,#872,#750,.T.);
#1077=EDGE_CURVE('',#874,#873,#420,.T.);
#1078=EDGE_CURVE('',#866,#874,#421,.T.);
#1079=EDGE_CURVE('',#839,#851,#422,.T.);
#1080=EDGE_CURVE('',#840,#838,#423,.T.);
#1081=EDGE_CURVE('',#849,#841,#424,.T.);
#1082=EDGE_CURVE('',#850,#848,#425,.T.);
#1083=EDGE_CURVE('',#875,#876,#751,.T.);
#1084=EDGE_CURVE('',#876,#861,#426,.T.);
#1085=EDGE_CURVE('',#852,#832,#427,.T.);
#1086=EDGE_CURVE('',#833,#830,#428,.T.);
#1087=EDGE_CURVE('',#831,#875,#429,.T.);
#1088=EDGE_CURVE('',#866,#860,#430,.T.);
#1089=EDGE_CURVE('',#865,#876,#431,.T.);
#1090=EDGE_CURVE('',#846,#875,#432,.T.);
#1091=EDGE_CURVE('',#853,#877,#433,.T.);
#1092=EDGE_CURVE('',#877,#864,#434,.T.);
#1093=EDGE_CURVE('',#836,#834,#435,.T.);
#1094=EDGE_CURVE('',#844,#843,#436,.T.);
#1095=EDGE_CURVE('',#878,#879,#752,.T.);
#1096=EDGE_CURVE('',#879,#880,#437,.T.);
#1097=EDGE_CURVE('',#880,#863,#438,.T.);
#1098=EDGE_CURVE('',#877,#854,#439,.T.);
#1099=EDGE_CURVE('',#855,#856,#753,.T.);
#1100=EDGE_CURVE('',#857,#858,#440,.T.);
#1101=EDGE_CURVE('',#859,#881,#441,.T.);
#1102=EDGE_CURVE('',#881,#882,#754,.T.);
#1103=EDGE_CURVE('',#882,#883,#442,.T.);
#1104=EDGE_CURVE('',#883,#884,#755,.T.);
#1105=EDGE_CURVE('',#884,#878,#443,.T.);
#1106=EDGE_CURVE('',#872,#882,#444,.T.);
#1107=EDGE_CURVE('',#873,#881,#445,.T.);
#1108=EDGE_CURVE('',#820,#874,#446,.T.);
#1109=EDGE_CURVE('',#880,#862,#447,.T.);
#1110=EDGE_CURVE('',#867,#845,#448,.T.);
#1111=EDGE_CURVE('',#868,#879,#449,.T.);
#1112=EDGE_CURVE('',#869,#878,#450,.T.);
#1113=EDGE_CURVE('',#870,#884,#451,.T.);
#1114=EDGE_CURVE('',#871,#883,#452,.T.);
#1115=EDGE_CURVE('',#885,#886,#756,.T.);
#1116=EDGE_CURVE('',#886,#887,#453,.T.);
#1117=EDGE_CURVE('',#887,#888,#757,.T.);
#1118=EDGE_CURVE('',#888,#885,#454,.T.);
#1119=EDGE_CURVE('',#889,#887,#455,.T.);
#1120=EDGE_CURVE('',#890,#889,#758,.T.);
#1121=EDGE_CURVE('',#891,#890,#456,.T.);
#1122=EDGE_CURVE('',#891,#892,#457,.T.);
#1123=EDGE_CURVE('',#892,#888,#458,.T.);
#1124=EDGE_CURVE('',#886,#893,#459,.T.);
#1125=EDGE_CURVE('',#889,#893,#460,.T.);
#1126=EDGE_CURVE('',#893,#894,#759,.T.);
#1127=EDGE_CURVE('',#894,#890,#461,.T.);
#1128=EDGE_CURVE('',#895,#896,#462,.T.);
#1129=EDGE_CURVE('',#896,#897,#760,.T.);
#1130=EDGE_CURVE('',#897,#898,#463,.T.);
#1131=EDGE_CURVE('',#898,#899,#130,.T.);
#1132=EDGE_CURVE('',#899,#895,#761,.T.);
#1133=EDGE_CURVE('',#900,#901,#762,.T.);
#1134=EDGE_CURVE('',#901,#897,#763,.T.);
#1135=EDGE_CURVE('',#896,#900,#764,.T.);
#1136=EDGE_CURVE('',#902,#903,#765,.T.);
#1137=EDGE_CURVE('',#903,#901,#464,.T.);
#1138=EDGE_CURVE('',#900,#902,#465,.T.);
#1139=EDGE_CURVE('',#904,#905,#766,.T.);
#1140=EDGE_CURVE('',#905,#903,#767,.T.);
#1141=EDGE_CURVE('',#902,#904,#768,.T.);
#1142=EDGE_CURVE('',#906,#907,#769,.T.);
#1143=EDGE_CURVE('',#907,#905,#466,.T.);
#1144=EDGE_CURVE('',#904,#906,#467,.T.);
#1145=EDGE_CURVE('',#908,#909,#770,.T.);
#1146=EDGE_CURVE('',#909,#907,#771,.T.);
#1147=EDGE_CURVE('',#906,#908,#772,.T.);
#1148=EDGE_CURVE('',#894,#910,#773,.F.);
#1149=EDGE_CURVE('',#910,#909,#468,.T.);
#1150=EDGE_CURVE('',#908,#894,#469,.T.);
#1151=EDGE_CURVE('',#899,#911,#123,.T.);
#1152=EDGE_CURVE('',#911,#895,#774,.T.);
#1153=EDGE_CURVE('',#912,#904,#470,.T.);
#1154=EDGE_CURVE('',#912,#913,#471,.T.);
#1155=EDGE_CURVE('',#913,#906,#472,.T.);
#1156=EDGE_CURVE('',#914,#902,#473,.T.);
#1157=EDGE_CURVE('',#914,#912,#775,.T.);
#1158=EDGE_CURVE('',#915,#900,#474,.T.);
#1159=EDGE_CURVE('',#915,#914,#475,.T.);
#1160=EDGE_CURVE('',#916,#896,#476,.T.);
#1161=EDGE_CURVE('',#916,#915,#776,.T.);
#1162=EDGE_CURVE('',#917,#895,#477,.T.);
#1163=EDGE_CURVE('',#917,#916,#478,.T.);
#1164=EDGE_CURVE('',#918,#911,#479,.T.);
#1165=EDGE_CURVE('',#919,#918,#777,.T.);
#1166=EDGE_CURVE('',#920,#919,#480,.T.);
#1167=EDGE_CURVE('',#920,#917,#778,.T.);
#1168=EDGE_CURVE('',#921,#898,#481,.T.);
#1169=EDGE_CURVE('',#922,#921,#482,.T.);
#1170=EDGE_CURVE('',#923,#922,#483,.T.);
#1171=EDGE_CURVE('',#923,#924,#484,.T.);
#1172=EDGE_CURVE('',#918,#924,#485,.T.);
#1173=EDGE_CURVE('',#925,#885,#486,.T.);
#1174=EDGE_CURVE('',#926,#925,#487,.T.);
#1175=EDGE_CURVE('',#926,#927,#488,.T.);
#1176=EDGE_CURVE('',#910,#927,#489,.T.);
#1177=EDGE_CURVE('',#928,#929,#490,.T.);
#1178=EDGE_CURVE('',#927,#929,#491,.T.);
#1179=EDGE_CURVE('',#928,#926,#492,.T.);
#1180=EDGE_CURVE('',#930,#908,#493,.T.);
#1181=EDGE_CURVE('',#930,#891,#494,.T.);
#1182=EDGE_CURVE('',#931,#928,#495,.T.);
#1183=EDGE_CURVE('',#931,#932,#496,.T.);
#1184=EDGE_CURVE('',#929,#932,#497,.T.);
#1185=EDGE_CURVE('',#933,#931,#779,.T.);
#1186=EDGE_CURVE('',#933,#934,#498,.T.);
#1187=EDGE_CURVE('',#932,#934,#780,.T.);
#1188=EDGE_CURVE('',#935,#933,#499,.T.);
#1189=EDGE_CURVE('',#935,#936,#500,.T.);
#1190=EDGE_CURVE('',#934,#936,#501,.T.);
#1191=EDGE_CURVE('',#913,#930,#781,.T.);
#1192=EDGE_CURVE('',#936,#921,#502,.T.);
#1193=EDGE_CURVE('',#937,#938,#503,.T.);
#1194=EDGE_CURVE('',#939,#938,#504,.T.);
#1195=EDGE_CURVE('',#940,#939,#505,.T.);
#1196=EDGE_CURVE('',#937,#940,#506,.T.);
#1197=EDGE_CURVE('',#923,#939,#507,.T.);
#1198=EDGE_CURVE('',#922,#940,#508,.T.);
#1199=EDGE_CURVE('',#941,#942,#509,.T.);
#1200=EDGE_CURVE('',#943,#942,#510,.T.);
#1201=EDGE_CURVE('',#944,#943,#511,.T.);
#1202=EDGE_CURVE('',#941,#944,#512,.T.);
#1203=EDGE_CURVE('',#945,#943,#513,.T.);
#1204=EDGE_CURVE('',#946,#945,#514,.T.);
#1205=EDGE_CURVE('',#944,#946,#515,.T.);
#1206=EDGE_CURVE('',#945,#947,#516,.T.);
#1207=EDGE_CURVE('',#948,#947,#517,.T.);
#1208=EDGE_CURVE('',#946,#948,#518,.T.);
#1209=EDGE_CURVE('',#942,#937,#519,.T.);
#1210=EDGE_CURVE('',#947,#935,#520,.T.);
#1211=EDGE_CURVE('',#938,#941,#521,.T.);
#1212=EDGE_CURVE('',#924,#948,#522,.T.);
#1213=EDGE_CURVE('',#892,#920,#523,.T.);
#1214=EDGE_CURVE('',#925,#919,#524,.T.);
#1215=ORIENTED_EDGE('',*,*,#949,.F.);
#1216=ORIENTED_EDGE('',*,*,#950,.T.);
#1217=ORIENTED_EDGE('',*,*,#951,.F.);
#1218=ORIENTED_EDGE('',*,*,#950,.F.);
#1219=ORIENTED_EDGE('',*,*,#952,.F.);
#1220=ORIENTED_EDGE('',*,*,#953,.T.);
#1221=ORIENTED_EDGE('',*,*,#954,.F.);
#1222=ORIENTED_EDGE('',*,*,#953,.F.);
#1223=ORIENTED_EDGE('',*,*,#955,.F.);
#1224=ORIENTED_EDGE('',*,*,#956,.T.);
#1225=ORIENTED_EDGE('',*,*,#957,.F.);
#1226=ORIENTED_EDGE('',*,*,#956,.F.);
#1227=ORIENTED_EDGE('',*,*,#958,.F.);
#1228=ORIENTED_EDGE('',*,*,#959,.T.);
#1229=ORIENTED_EDGE('',*,*,#960,.F.);
#1230=ORIENTED_EDGE('',*,*,#959,.F.);
#1231=ORIENTED_EDGE('',*,*,#961,.F.);
#1232=ORIENTED_EDGE('',*,*,#962,.T.);
#1233=ORIENTED_EDGE('',*,*,#963,.F.);
#1234=ORIENTED_EDGE('',*,*,#962,.F.);
#1235=ORIENTED_EDGE('',*,*,#964,.F.);
#1236=ORIENTED_EDGE('',*,*,#965,.T.);
#1237=ORIENTED_EDGE('',*,*,#966,.F.);
#1238=ORIENTED_EDGE('',*,*,#965,.F.);
#1239=ORIENTED_EDGE('',*,*,#967,.F.);
#1240=ORIENTED_EDGE('',*,*,#968,.T.);
#1241=ORIENTED_EDGE('',*,*,#969,.F.);
#1242=ORIENTED_EDGE('',*,*,#968,.F.);
#1243=ORIENTED_EDGE('',*,*,#970,.F.);
#1244=ORIENTED_EDGE('',*,*,#971,.T.);
#1245=ORIENTED_EDGE('',*,*,#972,.F.);
#1246=ORIENTED_EDGE('',*,*,#971,.F.);
#1247=ORIENTED_EDGE('',*,*,#973,.F.);
#1248=ORIENTED_EDGE('',*,*,#974,.T.);
#1249=ORIENTED_EDGE('',*,*,#975,.F.);
#1250=ORIENTED_EDGE('',*,*,#974,.F.);
#1251=ORIENTED_EDGE('',*,*,#976,.F.);
#1252=ORIENTED_EDGE('',*,*,#977,.T.);
#1253=ORIENTED_EDGE('',*,*,#978,.F.);
#1254=ORIENTED_EDGE('',*,*,#977,.F.);
#1255=ORIENTED_EDGE('',*,*,#979,.F.);
#1256=ORIENTED_EDGE('',*,*,#980,.T.);
#1257=ORIENTED_EDGE('',*,*,#981,.F.);
#1258=ORIENTED_EDGE('',*,*,#980,.F.);
#1259=ORIENTED_EDGE('',*,*,#982,.F.);
#1260=ORIENTED_EDGE('',*,*,#983,.F.);
#1261=ORIENTED_EDGE('',*,*,#984,.F.);
#1262=ORIENTED_EDGE('',*,*,#985,.F.);
#1263=ORIENTED_EDGE('',*,*,#986,.F.);
#1264=ORIENTED_EDGE('',*,*,#987,.F.);
#1265=ORIENTED_EDGE('',*,*,#988,.F.);
#1266=ORIENTED_EDGE('',*,*,#989,.F.);
#1267=ORIENTED_EDGE('',*,*,#990,.F.);
#1268=ORIENTED_EDGE('',*,*,#991,.F.);
#1269=ORIENTED_EDGE('',*,*,#992,.F.);
#1270=ORIENTED_EDGE('',*,*,#993,.F.);
#1271=ORIENTED_EDGE('',*,*,#994,.F.);
#1272=ORIENTED_EDGE('',*,*,#995,.F.);
#1273=ORIENTED_EDGE('',*,*,#996,.F.);
#1274=ORIENTED_EDGE('',*,*,#997,.F.);
#1275=ORIENTED_EDGE('',*,*,#998,.F.);
#1276=ORIENTED_EDGE('',*,*,#999,.F.);
#1277=ORIENTED_EDGE('',*,*,#1000,.F.);
#1278=ORIENTED_EDGE('',*,*,#1001,.F.);
#1279=ORIENTED_EDGE('',*,*,#1002,.F.);
#1280=ORIENTED_EDGE('',*,*,#1003,.F.);
#1281=ORIENTED_EDGE('',*,*,#1004,.F.);
#1282=ORIENTED_EDGE('',*,*,#1005,.F.);
#1283=ORIENTED_EDGE('',*,*,#1006,.F.);
#1284=ORIENTED_EDGE('',*,*,#1007,.F.);
#1285=ORIENTED_EDGE('',*,*,#1008,.F.);
#1286=ORIENTED_EDGE('',*,*,#984,.T.);
#1287=ORIENTED_EDGE('',*,*,#1009,.T.);
#1288=ORIENTED_EDGE('',*,*,#1010,.F.);
#1289=ORIENTED_EDGE('',*,*,#1011,.F.);
#1290=ORIENTED_EDGE('',*,*,#987,.T.);
#1291=ORIENTED_EDGE('',*,*,#1012,.T.);
#1292=ORIENTED_EDGE('',*,*,#1013,.F.);
#1293=ORIENTED_EDGE('',*,*,#1014,.F.);
#1294=ORIENTED_EDGE('',*,*,#1015,.T.);
#1295=ORIENTED_EDGE('',*,*,#1016,.T.);
#1296=ORIENTED_EDGE('',*,*,#983,.T.);
#1297=ORIENTED_EDGE('',*,*,#1017,.F.);
#1298=ORIENTED_EDGE('',*,*,#982,.T.);
#1299=ORIENTED_EDGE('',*,*,#1018,.T.);
#1300=ORIENTED_EDGE('',*,*,#986,.T.);
#1301=ORIENTED_EDGE('',*,*,#1019,.F.);
#1302=ORIENTED_EDGE('',*,*,#985,.T.);
#1303=ORIENTED_EDGE('',*,*,#1020,.T.);
#1304=ORIENTED_EDGE('',*,*,#1021,.T.);
#1305=ORIENTED_EDGE('',*,*,#1022,.F.);
#1306=ORIENTED_EDGE('',*,*,#1023,.T.);
#1307=ORIENTED_EDGE('',*,*,#1024,.T.);
#1308=ORIENTED_EDGE('',*,*,#1015,.F.);
#1309=ORIENTED_EDGE('',*,*,#1025,.F.);
#1310=ORIENTED_EDGE('',*,*,#1021,.F.);
#1311=ORIENTED_EDGE('',*,*,#1026,.T.);
#1312=ORIENTED_EDGE('',*,*,#1027,.T.);
#1313=ORIENTED_EDGE('',*,*,#1028,.F.);
#1314=ORIENTED_EDGE('',*,*,#1007,.T.);
#1315=ORIENTED_EDGE('',*,*,#1029,.T.);
#1316=ORIENTED_EDGE('',*,*,#1030,.T.);
#1317=ORIENTED_EDGE('',*,*,#1031,.F.);
#1318=ORIENTED_EDGE('',*,*,#1004,.T.);
#1319=ORIENTED_EDGE('',*,*,#1032,.F.);
#1320=ORIENTED_EDGE('',*,*,#1033,.F.);
#1321=ORIENTED_EDGE('',*,*,#1034,.T.);
#1322=ORIENTED_EDGE('',*,*,#1035,.T.);
#1323=ORIENTED_EDGE('',*,*,#1036,.F.);
#1324=ORIENTED_EDGE('',*,*,#1037,.T.);
#1325=ORIENTED_EDGE('',*,*,#1038,.T.);
#1326=ORIENTED_EDGE('',*,*,#1030,.F.);
#1327=ORIENTED_EDGE('',*,*,#1039,.F.);
#1328=ORIENTED_EDGE('',*,*,#1035,.F.);
#1329=ORIENTED_EDGE('',*,*,#1040,.T.);
#1330=ORIENTED_EDGE('',*,*,#1041,.T.);
#1331=ORIENTED_EDGE('',*,*,#1042,.F.);
#1332=ORIENTED_EDGE('',*,*,#1043,.T.);
#1333=ORIENTED_EDGE('',*,*,#989,.T.);
#1334=ORIENTED_EDGE('',*,*,#1044,.F.);
#1335=ORIENTED_EDGE('',*,*,#1045,.F.);
#1336=ORIENTED_EDGE('',*,*,#988,.T.);
#1337=ORIENTED_EDGE('',*,*,#1046,.T.);
#1338=ORIENTED_EDGE('',*,*,#1047,.F.);
#1339=ORIENTED_EDGE('',*,*,#990,.T.);
#1340=ORIENTED_EDGE('',*,*,#1048,.T.);
#1341=ORIENTED_EDGE('',*,*,#993,.T.);
#1342=ORIENTED_EDGE('',*,*,#1049,.F.);
#1343=ORIENTED_EDGE('',*,*,#1050,.F.);
#1344=ORIENTED_EDGE('',*,*,#1051,.F.);
#1345=ORIENTED_EDGE('',*,*,#992,.T.);
#1346=ORIENTED_EDGE('',*,*,#1052,.T.);
#1347=ORIENTED_EDGE('',*,*,#1053,.F.);
#1348=ORIENTED_EDGE('',*,*,#991,.T.);
#1349=ORIENTED_EDGE('',*,*,#1054,.T.);
#1350=ORIENTED_EDGE('',*,*,#995,.T.);
#1351=ORIENTED_EDGE('',*,*,#1055,.F.);
#1352=ORIENTED_EDGE('',*,*,#996,.T.);
#1353=ORIENTED_EDGE('',*,*,#1056,.T.);
#1354=ORIENTED_EDGE('',*,*,#1000,.T.);
#1355=ORIENTED_EDGE('',*,*,#1057,.F.);
#1356=ORIENTED_EDGE('',*,*,#994,.T.);
#1357=ORIENTED_EDGE('',*,*,#1058,.F.);
#1358=ORIENTED_EDGE('',*,*,#1059,.F.);
#1359=ORIENTED_EDGE('',*,*,#1060,.F.);
#1360=ORIENTED_EDGE('',*,*,#1001,.T.);
#1361=ORIENTED_EDGE('',*,*,#1061,.T.);
#1362=ORIENTED_EDGE('',*,*,#1062,.F.);
#1363=ORIENTED_EDGE('',*,*,#1063,.F.);
#1364=ORIENTED_EDGE('',*,*,#1002,.T.);
#1365=ORIENTED_EDGE('',*,*,#1064,.T.);
#1366=ORIENTED_EDGE('',*,*,#1006,.T.);
#1367=ORIENTED_EDGE('',*,*,#1065,.F.);
#1368=ORIENTED_EDGE('',*,*,#1066,.F.);
#1369=ORIENTED_EDGE('',*,*,#1005,.T.);
#1370=ORIENTED_EDGE('',*,*,#1067,.T.);
#1371=ORIENTED_EDGE('',*,*,#1068,.F.);
#1372=ORIENTED_EDGE('',*,*,#1069,.F.);
#1373=ORIENTED_EDGE('',*,*,#1070,.F.);
#1374=ORIENTED_EDGE('',*,*,#1071,.F.);
#1375=ORIENTED_EDGE('',*,*,#1072,.F.);
#1376=ORIENTED_EDGE('',*,*,#1073,.F.);
#1377=ORIENTED_EDGE('',*,*,#1074,.F.);
#1378=ORIENTED_EDGE('',*,*,#1075,.F.);
#1379=ORIENTED_EDGE('',*,*,#1076,.F.);
#1380=ORIENTED_EDGE('',*,*,#1077,.F.);
#1381=ORIENTED_EDGE('',*,*,#1078,.F.);
#1382=ORIENTED_EDGE('',*,*,#967,.T.);
#1383=ORIENTED_EDGE('',*,*,#973,.T.);
#1384=ORIENTED_EDGE('',*,*,#979,.T.);
#1385=ORIENTED_EDGE('',*,*,#1079,.F.);
#1386=ORIENTED_EDGE('',*,*,#1023,.F.);
#1387=ORIENTED_EDGE('',*,*,#1080,.F.);
#1388=ORIENTED_EDGE('',*,*,#1027,.F.);
#1389=ORIENTED_EDGE('',*,*,#1081,.F.);
#1390=ORIENTED_EDGE('',*,*,#1037,.F.);
#1391=ORIENTED_EDGE('',*,*,#1082,.F.);
#1392=ORIENTED_EDGE('',*,*,#1041,.F.);
#1393=ORIENTED_EDGE('',*,*,#1083,.T.);
#1394=ORIENTED_EDGE('',*,*,#1084,.T.);
#1395=ORIENTED_EDGE('',*,*,#1061,.F.);
#1396=ORIENTED_EDGE('',*,*,#1056,.F.);
#1397=ORIENTED_EDGE('',*,*,#1054,.F.);
#1398=ORIENTED_EDGE('',*,*,#1048,.F.);
#1399=ORIENTED_EDGE('',*,*,#1043,.F.);
#1400=ORIENTED_EDGE('',*,*,#1085,.T.);
#1401=ORIENTED_EDGE('',*,*,#1013,.T.);
#1402=ORIENTED_EDGE('',*,*,#1086,.T.);
#1403=ORIENTED_EDGE('',*,*,#1010,.T.);
#1404=ORIENTED_EDGE('',*,*,#1087,.T.);
#1405=ORIENTED_EDGE('',*,*,#1069,.T.);
#1406=ORIENTED_EDGE('',*,*,#1088,.T.);
#1407=ORIENTED_EDGE('',*,*,#1062,.T.);
#1408=ORIENTED_EDGE('',*,*,#1084,.F.);
#1409=ORIENTED_EDGE('',*,*,#1089,.F.);
#1410=ORIENTED_EDGE('',*,*,#1034,.F.);
#1411=ORIENTED_EDGE('',*,*,#1090,.T.);
#1412=ORIENTED_EDGE('',*,*,#1087,.F.);
#1413=ORIENTED_EDGE('',*,*,#1009,.F.);
#1414=ORIENTED_EDGE('',*,*,#1016,.F.);
#1415=ORIENTED_EDGE('',*,*,#1024,.F.);
#1416=ORIENTED_EDGE('',*,*,#1079,.T.);
#1417=ORIENTED_EDGE('',*,*,#1040,.F.);
#1418=ORIENTED_EDGE('',*,*,#1042,.T.);
#1419=ORIENTED_EDGE('',*,*,#1091,.T.);
#1420=ORIENTED_EDGE('',*,*,#1092,.T.);
#1421=ORIENTED_EDGE('',*,*,#1067,.F.);
#1422=ORIENTED_EDGE('',*,*,#1028,.T.);
#1423=ORIENTED_EDGE('',*,*,#1038,.F.);
#1424=ORIENTED_EDGE('',*,*,#1081,.T.);
#1425=ORIENTED_EDGE('',*,*,#1026,.F.);
#1426=ORIENTED_EDGE('',*,*,#1020,.F.);
#1427=ORIENTED_EDGE('',*,*,#1011,.T.);
#1428=ORIENTED_EDGE('',*,*,#1085,.F.);
#1429=ORIENTED_EDGE('',*,*,#1018,.F.);
#1430=ORIENTED_EDGE('',*,*,#1008,.T.);
#1431=ORIENTED_EDGE('',*,*,#1086,.F.);
#1432=ORIENTED_EDGE('',*,*,#1012,.F.);
#1433=ORIENTED_EDGE('',*,*,#1019,.T.);
#1434=ORIENTED_EDGE('',*,*,#1093,.T.);
#1435=ORIENTED_EDGE('',*,*,#1014,.T.);
#1436=ORIENTED_EDGE('',*,*,#1017,.T.);
#1437=ORIENTED_EDGE('',*,*,#972,.T.);
#1438=ORIENTED_EDGE('',*,*,#1025,.T.);
#1439=ORIENTED_EDGE('',*,*,#1080,.T.);
#1440=ORIENTED_EDGE('',*,*,#1022,.T.);
#1441=ORIENTED_EDGE('',*,*,#1093,.F.);
#1442=ORIENTED_EDGE('',*,*,#1031,.T.);
#1443=ORIENTED_EDGE('',*,*,#1094,.T.);
#1444=ORIENTED_EDGE('',*,*,#1029,.F.);
#1445=ORIENTED_EDGE('',*,*,#1064,.F.);
#1446=ORIENTED_EDGE('',*,*,#966,.T.);
#1447=ORIENTED_EDGE('',*,*,#1039,.T.);
#1448=ORIENTED_EDGE('',*,*,#1082,.T.);
#1449=ORIENTED_EDGE('',*,*,#1036,.T.);
#1450=ORIENTED_EDGE('',*,*,#1094,.F.);
#1451=ORIENTED_EDGE('',*,*,#1095,.T.);
#1452=ORIENTED_EDGE('',*,*,#1096,.T.);
#1453=ORIENTED_EDGE('',*,*,#1097,.T.);
#1454=ORIENTED_EDGE('',*,*,#1068,.T.);
#1455=ORIENTED_EDGE('',*,*,#1092,.F.);
#1456=ORIENTED_EDGE('',*,*,#1098,.T.);
#1457=ORIENTED_EDGE('',*,*,#1047,.T.);
#1458=ORIENTED_EDGE('',*,*,#1099,.T.);
#1459=ORIENTED_EDGE('',*,*,#1050,.T.);
#1460=ORIENTED_EDGE('',*,*,#1100,.T.);
#1461=ORIENTED_EDGE('',*,*,#1059,.T.);
#1462=ORIENTED_EDGE('',*,*,#1101,.T.);
#1463=ORIENTED_EDGE('',*,*,#1102,.T.);
#1464=ORIENTED_EDGE('',*,*,#1103,.T.);
#1465=ORIENTED_EDGE('',*,*,#1104,.T.);
#1466=ORIENTED_EDGE('',*,*,#1105,.T.);
#1467=ORIENTED_EDGE('',*,*,#978,.T.);
#1468=ORIENTED_EDGE('',*,*,#1076,.T.);
#1469=ORIENTED_EDGE('',*,*,#1106,.T.);
#1470=ORIENTED_EDGE('',*,*,#1102,.F.);
#1471=ORIENTED_EDGE('',*,*,#1107,.F.);
#1472=ORIENTED_EDGE('',*,*,#1091,.F.);
#1473=ORIENTED_EDGE('',*,*,#1044,.T.);
#1474=ORIENTED_EDGE('',*,*,#1045,.T.);
#1475=ORIENTED_EDGE('',*,*,#1098,.F.);
#1476=ORIENTED_EDGE('',*,*,#1046,.F.);
#1477=ORIENTED_EDGE('',*,*,#1049,.T.);
#1478=ORIENTED_EDGE('',*,*,#1051,.T.);
#1479=ORIENTED_EDGE('',*,*,#1099,.F.);
#1480=ORIENTED_EDGE('',*,*,#1052,.F.);
#1481=ORIENTED_EDGE('',*,*,#1053,.T.);
#1482=ORIENTED_EDGE('',*,*,#1057,.T.);
#1483=ORIENTED_EDGE('',*,*,#1100,.F.);
#1484=ORIENTED_EDGE('',*,*,#999,.T.);
#1485=ORIENTED_EDGE('',*,*,#1108,.T.);
#1486=ORIENTED_EDGE('',*,*,#1077,.T.);
#1487=ORIENTED_EDGE('',*,*,#1107,.T.);
#1488=ORIENTED_EDGE('',*,*,#1101,.F.);
#1489=ORIENTED_EDGE('',*,*,#1058,.T.);
#1490=ORIENTED_EDGE('',*,*,#997,.T.);
#1491=ORIENTED_EDGE('',*,*,#1055,.T.);
#1492=ORIENTED_EDGE('',*,*,#1097,.F.);
#1493=ORIENTED_EDGE('',*,*,#1109,.T.);
#1494=ORIENTED_EDGE('',*,*,#1065,.T.);
#1495=ORIENTED_EDGE('',*,*,#1066,.T.);
#1496=ORIENTED_EDGE('',*,*,#1110,.F.);
#1497=ORIENTED_EDGE('',*,*,#1070,.T.);
#1498=ORIENTED_EDGE('',*,*,#1089,.T.);
#1499=ORIENTED_EDGE('',*,*,#1083,.F.);
#1500=ORIENTED_EDGE('',*,*,#1090,.F.);
#1501=ORIENTED_EDGE('',*,*,#1033,.T.);
#1502=ORIENTED_EDGE('',*,*,#1111,.F.);
#1503=ORIENTED_EDGE('',*,*,#1071,.T.);
#1504=ORIENTED_EDGE('',*,*,#1110,.T.);
#1505=ORIENTED_EDGE('',*,*,#1032,.T.);
#1506=ORIENTED_EDGE('',*,*,#1003,.T.);
#1507=ORIENTED_EDGE('',*,*,#1063,.T.);
#1508=ORIENTED_EDGE('',*,*,#1109,.F.);
#1509=ORIENTED_EDGE('',*,*,#1096,.F.);
#1510=ORIENTED_EDGE('',*,*,#1112,.F.);
#1511=ORIENTED_EDGE('',*,*,#1072,.T.);
#1512=ORIENTED_EDGE('',*,*,#1111,.T.);
#1513=ORIENTED_EDGE('',*,*,#1095,.F.);
#1514=ORIENTED_EDGE('',*,*,#1113,.F.);
#1515=ORIENTED_EDGE('',*,*,#1073,.T.);
#1516=ORIENTED_EDGE('',*,*,#1112,.T.);
#1517=ORIENTED_EDGE('',*,*,#1105,.F.);
#1518=ORIENTED_EDGE('',*,*,#1114,.F.);
#1519=ORIENTED_EDGE('',*,*,#1074,.T.);
#1520=ORIENTED_EDGE('',*,*,#1113,.T.);
#1521=ORIENTED_EDGE('',*,*,#1104,.F.);
#1522=ORIENTED_EDGE('',*,*,#1106,.F.);
#1523=ORIENTED_EDGE('',*,*,#1075,.T.);
#1524=ORIENTED_EDGE('',*,*,#1114,.T.);
#1525=ORIENTED_EDGE('',*,*,#1103,.F.);
#1526=ORIENTED_EDGE('',*,*,#1108,.F.);
#1527=ORIENTED_EDGE('',*,*,#998,.T.);
#1528=ORIENTED_EDGE('',*,*,#1060,.T.);
#1529=ORIENTED_EDGE('',*,*,#1088,.F.);
#1530=ORIENTED_EDGE('',*,*,#1078,.T.);
#1531=ORIENTED_EDGE('',*,*,#1115,.T.);
#1532=ORIENTED_EDGE('',*,*,#1116,.T.);
#1533=ORIENTED_EDGE('',*,*,#1117,.T.);
#1534=ORIENTED_EDGE('',*,*,#1118,.T.);
#1535=ORIENTED_EDGE('',*,*,#1117,.F.);
#1536=ORIENTED_EDGE('',*,*,#1119,.F.);
#1537=ORIENTED_EDGE('',*,*,#1120,.F.);
#1538=ORIENTED_EDGE('',*,*,#1121,.F.);
#1539=ORIENTED_EDGE('',*,*,#1122,.T.);
#1540=ORIENTED_EDGE('',*,*,#1123,.T.);
#1541=ORIENTED_EDGE('',*,*,#949,.T.);
#1542=ORIENTED_EDGE('',*,*,#952,.T.);
#1543=ORIENTED_EDGE('',*,*,#955,.T.);
#1544=ORIENTED_EDGE('',*,*,#958,.T.);
#1545=ORIENTED_EDGE('',*,*,#961,.T.);
#1546=ORIENTED_EDGE('',*,*,#1116,.F.);
#1547=ORIENTED_EDGE('',*,*,#1124,.T.);
#1548=ORIENTED_EDGE('',*,*,#1125,.F.);
#1549=ORIENTED_EDGE('',*,*,#1119,.T.);
#1550=ORIENTED_EDGE('',*,*,#1120,.T.);
#1551=ORIENTED_EDGE('',*,*,#1125,.T.);
#1552=ORIENTED_EDGE('',*,*,#1126,.T.);
#1553=ORIENTED_EDGE('',*,*,#1127,.T.);
#1554=ORIENTED_EDGE('',*,*,#1128,.T.);
#1555=ORIENTED_EDGE('',*,*,#1129,.T.);
#1556=ORIENTED_EDGE('',*,*,#1130,.T.);
#1557=ORIENTED_EDGE('',*,*,#1131,.T.);
#1558=ORIENTED_EDGE('',*,*,#1132,.T.);
#1559=ORIENTED_EDGE('',*,*,#1133,.T.);
#1560=ORIENTED_EDGE('',*,*,#1134,.T.);
#1561=ORIENTED_EDGE('',*,*,#1129,.F.);
#1562=ORIENTED_EDGE('',*,*,#1135,.T.);
#1563=ORIENTED_EDGE('',*,*,#1136,.T.);
#1564=ORIENTED_EDGE('',*,*,#1137,.T.);
#1565=ORIENTED_EDGE('',*,*,#1133,.F.);
#1566=ORIENTED_EDGE('',*,*,#1138,.T.);
#1567=ORIENTED_EDGE('',*,*,#1139,.T.);
#1568=ORIENTED_EDGE('',*,*,#1140,.T.);
#1569=ORIENTED_EDGE('',*,*,#1136,.F.);
#1570=ORIENTED_EDGE('',*,*,#1141,.T.);
#1571=ORIENTED_EDGE('',*,*,#1142,.T.);
#1572=ORIENTED_EDGE('',*,*,#1143,.T.);
#1573=ORIENTED_EDGE('',*,*,#1139,.F.);
#1574=ORIENTED_EDGE('',*,*,#1144,.T.);
#1575=ORIENTED_EDGE('',*,*,#1145,.T.);
#1576=ORIENTED_EDGE('',*,*,#1146,.T.);
#1577=ORIENTED_EDGE('',*,*,#1142,.F.);
#1578=ORIENTED_EDGE('',*,*,#1147,.T.);
#1579=ORIENTED_EDGE('',*,*,#1148,.T.);
#1580=ORIENTED_EDGE('',*,*,#1149,.T.);
#1581=ORIENTED_EDGE('',*,*,#1145,.F.);
#1582=ORIENTED_EDGE('',*,*,#1150,.T.);
#1583=ORIENTED_EDGE('',*,*,#1151,.T.);
#1584=ORIENTED_EDGE('',*,*,#1152,.T.);
#1585=ORIENTED_EDGE('',*,*,#1132,.F.);
#1586=ORIENTED_EDGE('',*,*,#1144,.F.);
#1587=ORIENTED_EDGE('',*,*,#1153,.F.);
#1588=ORIENTED_EDGE('',*,*,#1154,.T.);
#1589=ORIENTED_EDGE('',*,*,#1155,.T.);
#1590=ORIENTED_EDGE('',*,*,#1141,.F.);
#1591=ORIENTED_EDGE('',*,*,#1156,.F.);
#1592=ORIENTED_EDGE('',*,*,#1157,.T.);
#1593=ORIENTED_EDGE('',*,*,#1153,.T.);
#1594=ORIENTED_EDGE('',*,*,#1138,.F.);
#1595=ORIENTED_EDGE('',*,*,#1158,.F.);
#1596=ORIENTED_EDGE('',*,*,#1159,.T.);
#1597=ORIENTED_EDGE('',*,*,#1156,.T.);
#1598=ORIENTED_EDGE('',*,*,#1135,.F.);
#1599=ORIENTED_EDGE('',*,*,#1160,.F.);
#1600=ORIENTED_EDGE('',*,*,#1161,.T.);
#1601=ORIENTED_EDGE('',*,*,#1158,.T.);
#1602=ORIENTED_EDGE('',*,*,#1128,.F.);
#1603=ORIENTED_EDGE('',*,*,#1162,.F.);
#1604=ORIENTED_EDGE('',*,*,#1163,.T.);
#1605=ORIENTED_EDGE('',*,*,#1160,.T.);
#1606=ORIENTED_EDGE('',*,*,#1152,.F.);
#1607=ORIENTED_EDGE('',*,*,#1164,.F.);
#1608=ORIENTED_EDGE('',*,*,#1165,.F.);
#1609=ORIENTED_EDGE('',*,*,#1166,.F.);
#1610=ORIENTED_EDGE('',*,*,#1167,.T.);
#1611=ORIENTED_EDGE('',*,*,#1162,.T.);
#1612=ORIENTED_EDGE('',*,*,#1151,.F.);
#1613=ORIENTED_EDGE('',*,*,#1131,.F.);
#1614=ORIENTED_EDGE('',*,*,#1168,.F.);
#1615=ORIENTED_EDGE('',*,*,#1169,.F.);
#1616=ORIENTED_EDGE('',*,*,#1170,.F.);
#1617=ORIENTED_EDGE('',*,*,#1171,.T.);
#1618=ORIENTED_EDGE('',*,*,#1172,.F.);
#1619=ORIENTED_EDGE('',*,*,#1164,.T.);
#1620=ORIENTED_EDGE('',*,*,#1115,.F.);
#1621=ORIENTED_EDGE('',*,*,#1173,.F.);
#1622=ORIENTED_EDGE('',*,*,#1174,.F.);
#1623=ORIENTED_EDGE('',*,*,#1175,.T.);
#1624=ORIENTED_EDGE('',*,*,#1176,.F.);
#1625=ORIENTED_EDGE('',*,*,#1148,.F.);
#1626=ORIENTED_EDGE('',*,*,#1126,.F.);
#1627=ORIENTED_EDGE('',*,*,#1124,.F.);
#1628=ORIENTED_EDGE('',*,*,#951,.T.);
#1629=ORIENTED_EDGE('',*,*,#954,.T.);
#1630=ORIENTED_EDGE('',*,*,#957,.T.);
#1631=ORIENTED_EDGE('',*,*,#960,.T.);
#1632=ORIENTED_EDGE('',*,*,#963,.T.);
#1633=ORIENTED_EDGE('',*,*,#1177,.T.);
#1634=ORIENTED_EDGE('',*,*,#1178,.F.);
#1635=ORIENTED_EDGE('',*,*,#1175,.F.);
#1636=ORIENTED_EDGE('',*,*,#1179,.F.);
#1637=ORIENTED_EDGE('',*,*,#1127,.F.);
#1638=ORIENTED_EDGE('',*,*,#1150,.F.);
#1639=ORIENTED_EDGE('',*,*,#1180,.F.);
#1640=ORIENTED_EDGE('',*,*,#1181,.T.);
#1641=ORIENTED_EDGE('',*,*,#1121,.T.);
#1642=ORIENTED_EDGE('',*,*,#1182,.F.);
#1643=ORIENTED_EDGE('',*,*,#1183,.T.);
#1644=ORIENTED_EDGE('',*,*,#1184,.F.);
#1645=ORIENTED_EDGE('',*,*,#1177,.F.);
#1646=ORIENTED_EDGE('',*,*,#1185,.F.);
#1647=ORIENTED_EDGE('',*,*,#1186,.T.);
#1648=ORIENTED_EDGE('',*,*,#1187,.F.);
#1649=ORIENTED_EDGE('',*,*,#1183,.F.);
#1650=ORIENTED_EDGE('',*,*,#1188,.F.);
#1651=ORIENTED_EDGE('',*,*,#1189,.T.);
#1652=ORIENTED_EDGE('',*,*,#1190,.F.);
#1653=ORIENTED_EDGE('',*,*,#1186,.F.);
#1654=ORIENTED_EDGE('',*,*,#1147,.F.);
#1655=ORIENTED_EDGE('',*,*,#1155,.F.);
#1656=ORIENTED_EDGE('',*,*,#1191,.T.);
#1657=ORIENTED_EDGE('',*,*,#1180,.T.);
#1658=ORIENTED_EDGE('',*,*,#1149,.F.);
#1659=ORIENTED_EDGE('',*,*,#1176,.T.);
#1660=ORIENTED_EDGE('',*,*,#1178,.T.);
#1661=ORIENTED_EDGE('',*,*,#1184,.T.);
#1662=ORIENTED_EDGE('',*,*,#1187,.T.);
#1663=ORIENTED_EDGE('',*,*,#1190,.T.);
#1664=ORIENTED_EDGE('',*,*,#1192,.T.);
#1665=ORIENTED_EDGE('',*,*,#1168,.T.);
#1666=ORIENTED_EDGE('',*,*,#1130,.F.);
#1667=ORIENTED_EDGE('',*,*,#1134,.F.);
#1668=ORIENTED_EDGE('',*,*,#1137,.F.);
#1669=ORIENTED_EDGE('',*,*,#1140,.F.);
#1670=ORIENTED_EDGE('',*,*,#1143,.F.);
#1671=ORIENTED_EDGE('',*,*,#1146,.F.);
#1672=ORIENTED_EDGE('',*,*,#976,.T.);
#1673=ORIENTED_EDGE('',*,*,#1193,.T.);
#1674=ORIENTED_EDGE('',*,*,#1194,.F.);
#1675=ORIENTED_EDGE('',*,*,#1195,.F.);
#1676=ORIENTED_EDGE('',*,*,#1196,.F.);
#1677=ORIENTED_EDGE('',*,*,#1197,.F.);
#1678=ORIENTED_EDGE('',*,*,#1170,.T.);
#1679=ORIENTED_EDGE('',*,*,#1198,.T.);
#1680=ORIENTED_EDGE('',*,*,#1195,.T.);
#1681=ORIENTED_EDGE('',*,*,#964,.T.);
#1682=ORIENTED_EDGE('',*,*,#1199,.T.);
#1683=ORIENTED_EDGE('',*,*,#1200,.F.);
#1684=ORIENTED_EDGE('',*,*,#1201,.F.);
#1685=ORIENTED_EDGE('',*,*,#1202,.F.);
#1686=ORIENTED_EDGE('',*,*,#1203,.F.);
#1687=ORIENTED_EDGE('',*,*,#1204,.F.);
#1688=ORIENTED_EDGE('',*,*,#1205,.F.);
#1689=ORIENTED_EDGE('',*,*,#1201,.T.);
#1690=ORIENTED_EDGE('',*,*,#970,.T.);
#1691=ORIENTED_EDGE('',*,*,#1204,.T.);
#1692=ORIENTED_EDGE('',*,*,#1206,.T.);
#1693=ORIENTED_EDGE('',*,*,#1207,.F.);
#1694=ORIENTED_EDGE('',*,*,#1208,.F.);
#1695=ORIENTED_EDGE('',*,*,#1200,.T.);
#1696=ORIENTED_EDGE('',*,*,#1209,.T.);
#1697=ORIENTED_EDGE('',*,*,#1196,.T.);
#1698=ORIENTED_EDGE('',*,*,#1198,.F.);
#1699=ORIENTED_EDGE('',*,*,#1169,.T.);
#1700=ORIENTED_EDGE('',*,*,#1192,.F.);
#1701=ORIENTED_EDGE('',*,*,#1189,.F.);
#1702=ORIENTED_EDGE('',*,*,#1210,.F.);
#1703=ORIENTED_EDGE('',*,*,#1206,.F.);
#1704=ORIENTED_EDGE('',*,*,#1203,.T.);
#1705=ORIENTED_EDGE('',*,*,#1194,.T.);
#1706=ORIENTED_EDGE('',*,*,#1211,.T.);
#1707=ORIENTED_EDGE('',*,*,#1202,.T.);
#1708=ORIENTED_EDGE('',*,*,#1205,.T.);
#1709=ORIENTED_EDGE('',*,*,#1208,.T.);
#1710=ORIENTED_EDGE('',*,*,#1212,.F.);
#1711=ORIENTED_EDGE('',*,*,#1171,.F.);
#1712=ORIENTED_EDGE('',*,*,#1197,.T.);
#1713=ORIENTED_EDGE('',*,*,#1118,.F.);
#1714=ORIENTED_EDGE('',*,*,#1123,.F.);
#1715=ORIENTED_EDGE('',*,*,#1213,.T.);
#1716=ORIENTED_EDGE('',*,*,#1166,.T.);
#1717=ORIENTED_EDGE('',*,*,#1214,.F.);
#1718=ORIENTED_EDGE('',*,*,#1173,.T.);
#1719=ORIENTED_EDGE('',*,*,#1185,.T.);
#1720=ORIENTED_EDGE('',*,*,#1182,.T.);
#1721=ORIENTED_EDGE('',*,*,#1179,.T.);
#1722=ORIENTED_EDGE('',*,*,#1174,.T.);
#1723=ORIENTED_EDGE('',*,*,#1214,.T.);
#1724=ORIENTED_EDGE('',*,*,#1165,.T.);
#1725=ORIENTED_EDGE('',*,*,#1172,.T.);
#1726=ORIENTED_EDGE('',*,*,#1212,.T.);
#1727=ORIENTED_EDGE('',*,*,#1207,.T.);
#1728=ORIENTED_EDGE('',*,*,#1210,.T.);
#1729=ORIENTED_EDGE('',*,*,#1188,.T.);
#1730=ORIENTED_EDGE('',*,*,#1167,.F.);
#1731=ORIENTED_EDGE('',*,*,#1213,.F.);
#1732=ORIENTED_EDGE('',*,*,#1122,.F.);
#1733=ORIENTED_EDGE('',*,*,#1181,.F.);
#1734=ORIENTED_EDGE('',*,*,#1191,.F.);
#1735=ORIENTED_EDGE('',*,*,#1154,.F.);
#1736=ORIENTED_EDGE('',*,*,#1157,.F.);
#1737=ORIENTED_EDGE('',*,*,#1159,.F.);
#1738=ORIENTED_EDGE('',*,*,#1161,.F.);
#1739=ORIENTED_EDGE('',*,*,#1163,.F.);
#1740=ORIENTED_EDGE('',*,*,#969,.T.);
#1741=ORIENTED_EDGE('',*,*,#975,.T.);
#1742=ORIENTED_EDGE('',*,*,#981,.T.);
#1743=ORIENTED_EDGE('',*,*,#1209,.F.);
#1744=ORIENTED_EDGE('',*,*,#1199,.F.);
#1745=ORIENTED_EDGE('',*,*,#1211,.F.);
#1746=ORIENTED_EDGE('',*,*,#1193,.F.);
#1747=CYLINDRICAL_SURFACE('',#1918,0.6105);
#1748=CYLINDRICAL_SURFACE('',#1921,0.6105);
#1749=CYLINDRICAL_SURFACE('',#1924,0.6105);
#1750=CYLINDRICAL_SURFACE('',#1927,0.6105);
#1751=CYLINDRICAL_SURFACE('',#1930,0.6105);
#1752=CYLINDRICAL_SURFACE('',#1933,0.6105);
#1753=CYLINDRICAL_SURFACE('',#1936,0.6105);
#1754=CYLINDRICAL_SURFACE('',#1939,0.6105);
#1755=CYLINDRICAL_SURFACE('',#1942,0.6105);
#1756=CYLINDRICAL_SURFACE('',#1945,0.6105);
#1757=CYLINDRICAL_SURFACE('',#1948,0.6105);
#1758=CYLINDRICAL_SURFACE('',#1985,1.2);
#1759=CYLINDRICAL_SURFACE('',#1987,1.2);
#1760=CYLINDRICAL_SURFACE('',#1989,1.2);
#1761=CYLINDRICAL_SURFACE('',#1991,1.2);
#1762=CYLINDRICAL_SURFACE('',#1992,1.2);
#1763=CYLINDRICAL_SURFACE('',#1994,1.2);
#1764=CYLINDRICAL_SURFACE('',#1996,1.2);
#1765=CYLINDRICAL_SURFACE('',#1998,1.2);
#1766=CYLINDRICAL_SURFACE('',#2000,1.2);
#1767=CYLINDRICAL_SURFACE('',#2003,1.2);
#1768=CYLINDRICAL_SURFACE('',#2005,1.2);
#1769=CYLINDRICAL_SURFACE('',#2007,1.2);
#1770=CYLINDRICAL_SURFACE('',#2009,1.2);
#1771=CYLINDRICAL_SURFACE('',#2014,1.2);
#1772=CYLINDRICAL_SURFACE('',#2016,1.2);
#1773=CYLINDRICAL_SURFACE('',#2017,1.2);
#1774=CYLINDRICAL_SURFACE('',#2018,1.2);
#1775=CYLINDRICAL_SURFACE('',#2020,1.2);
#1776=CYLINDRICAL_SURFACE('',#2022,1.2);
#1777=CYLINDRICAL_SURFACE('',#2024,1.2);
#1778=CYLINDRICAL_SURFACE('',#2046,4.79999999999994);
#1779=CYLINDRICAL_SURFACE('',#2048,1.3);
#1780=CYLINDRICAL_SURFACE('',#2052,4.79999999999997);
#1781=CYLINDRICAL_SURFACE('',#2054,4.79999999999999);
#1782=CYLINDRICAL_SURFACE('',#2056,4.79999999999999);
#1783=CYLINDRICAL_SURFACE('',#2059,3.);
#1784=CYLINDRICAL_SURFACE('',#2065,3.);
#1785=CYLINDRICAL_SURFACE('',#2067,1.);
#1786=CYLINDRICAL_SURFACE('',#2075,1.);
#1787=CYLINDRICAL_SURFACE('',#2081,1.);
#1788=CYLINDRICAL_SURFACE('',#2087,1.);
#1789=CYLINDRICAL_SURFACE('',#2092,5.99999999999999);
#1790=CYLINDRICAL_SURFACE('',#2095,5.99999999999999);
#1791=CYLINDRICAL_SURFACE('',#2098,5.99999999999997);
#1792=CYLINDRICAL_SURFACE('',#2106,2.5);
#1793=CYLINDRICAL_SURFACE('',#2110,5.99999999999994);
#1794=ADVANCED_FACE('',(#139),#1747,.F.);
#1795=ADVANCED_FACE('',(#140),#1748,.F.);
#1796=ADVANCED_FACE('',(#141),#1749,.F.);
#1797=ADVANCED_FACE('',(#142),#1750,.F.);
#1798=ADVANCED_FACE('',(#143),#1751,.F.);
#1799=ADVANCED_FACE('',(#144),#1752,.F.);
#1800=ADVANCED_FACE('',(#145),#1753,.F.);
#1801=ADVANCED_FACE('',(#146),#1754,.F.);
#1802=ADVANCED_FACE('',(#147),#1755,.F.);
#1803=ADVANCED_FACE('',(#148),#1756,.F.);
#1804=ADVANCED_FACE('',(#149),#1757,.F.);
#1805=ADVANCED_FACE('',(#150),#131,.T.);
#1806=ADVANCED_FACE('',(#151),#132,.T.);
#1807=ADVANCED_FACE('',(#152),#133,.T.);
#1808=ADVANCED_FACE('',(#153),#134,.T.);
#1809=ADVANCED_FACE('',(#154),#135,.T.);
#1810=ADVANCED_FACE('',(#155),#136,.T.);
#1811=ADVANCED_FACE('',(#156),#137,.T.);
#1812=ADVANCED_FACE('',(#157),#138,.T.);
#1813=ADVANCED_FACE('',(#158),#1758,.T.);
#1814=ADVANCED_FACE('',(#159),#1759,.T.);
#1815=ADVANCED_FACE('',(#160),#1760,.T.);
#1816=ADVANCED_FACE('',(#161),#1761,.T.);
#1817=ADVANCED_FACE('',(#162),#1762,.T.);
#1818=ADVANCED_FACE('',(#163),#1763,.T.);
#1819=ADVANCED_FACE('',(#164),#1764,.T.);
#1820=ADVANCED_FACE('',(#165),#1765,.T.);
#1821=ADVANCED_FACE('',(#166),#1766,.T.);
#1822=ADVANCED_FACE('',(#167),#1767,.T.);
#1823=ADVANCED_FACE('',(#168),#1768,.T.);
#1824=ADVANCED_FACE('',(#169),#1769,.T.);
#1825=ADVANCED_FACE('',(#170),#1770,.T.);
#1826=ADVANCED_FACE('',(#171),#117,.T.);
#1827=ADVANCED_FACE('',(#172),#1771,.T.);
#1828=ADVANCED_FACE('',(#173),#1772,.T.);
#1829=ADVANCED_FACE('',(#174),#1773,.T.);
#1830=ADVANCED_FACE('',(#175),#1774,.T.);
#1831=ADVANCED_FACE('',(#176),#1775,.T.);
#1832=ADVANCED_FACE('',(#177),#1776,.T.);
#1833=ADVANCED_FACE('',(#178),#1777,.T.);
#1834=ADVANCED_FACE('',(#179,#52,#53,#54,#55),#76,.T.);
#1835=ADVANCED_FACE('',(#180),#77,.F.);
#1836=ADVANCED_FACE('',(#181),#78,.F.);
#1837=ADVANCED_FACE('',(#182),#79,.F.);
#1838=ADVANCED_FACE('',(#183),#80,.F.);
#1839=ADVANCED_FACE('',(#184),#81,.F.);
#1840=ADVANCED_FACE('',(#185,#56),#82,.F.);
#1841=ADVANCED_FACE('',(#186),#83,.F.);
#1842=ADVANCED_FACE('',(#187,#57),#84,.F.);
#1843=ADVANCED_FACE('',(#188),#85,.F.);
#1844=ADVANCED_FACE('',(#189,#58),#86,.F.);
#1845=ADVANCED_FACE('',(#190),#1778,.F.);
#1846=ADVANCED_FACE('',(#191),#87,.F.);
#1847=ADVANCED_FACE('',(#192),#1779,.F.);
#1848=ADVANCED_FACE('',(#193),#88,.F.);
#1849=ADVANCED_FACE('',(#194),#89,.F.);
#1850=ADVANCED_FACE('',(#195),#90,.F.);
#1851=ADVANCED_FACE('',(#196),#1780,.F.);
#1852=ADVANCED_FACE('',(#197),#91,.F.);
#1853=ADVANCED_FACE('',(#198),#1781,.F.);
#1854=ADVANCED_FACE('',(#199),#92,.F.);
#1855=ADVANCED_FACE('',(#200),#1782,.F.);
#1856=ADVANCED_FACE('',(#201),#93,.F.);
#1857=ADVANCED_FACE('',(#202),#94,.F.);
#1858=ADVANCED_FACE('',(#203),#1783,.T.);
#1859=ADVANCED_FACE('',(#204,#59,#60,#61,#62,#63),#95,.T.);
#1860=ADVANCED_FACE('',(#205),#96,.T.);
#1861=ADVANCED_FACE('',(#206),#1784,.T.);
#1862=ADVANCED_FACE('',(#207),#1785,.T.);
#1863=ADVANCED_FACE('',(#208),#118,.T.);
#1864=ADVANCED_FACE('',(#209),#1786,.T.);
#1865=ADVANCED_FACE('',(#210),#119,.T.);
#1866=ADVANCED_FACE('',(#211),#1787,.T.);
#1867=ADVANCED_FACE('',(#212),#120,.T.);
#1868=ADVANCED_FACE('',(#213),#1788,.T.);
#1869=ADVANCED_FACE('',(#214),#121,.T.);
#1870=ADVANCED_FACE('',(#215),#97,.T.);
#1871=ADVANCED_FACE('',(#216),#1789,.T.);
#1872=ADVANCED_FACE('',(#217),#98,.T.);
#1873=ADVANCED_FACE('',(#218),#1790,.T.);
#1874=ADVANCED_FACE('',(#219),#99,.T.);
#1875=ADVANCED_FACE('',(#220),#1791,.T.);
#1876=ADVANCED_FACE('',(#221),#100,.T.);
#1877=ADVANCED_FACE('',(#222,#64,#65,#66,#67,#68),#101,.T.);
#1878=ADVANCED_FACE('',(#223),#102,.T.);
#1879=ADVANCED_FACE('',(#224),#103,.T.);
#1880=ADVANCED_FACE('',(#225),#104,.T.);
#1881=ADVANCED_FACE('',(#226),#1792,.T.);
#1882=ADVANCED_FACE('',(#227),#105,.T.);
#1883=ADVANCED_FACE('',(#228),#1793,.T.);
#1884=ADVANCED_FACE('',(#229,#69),#106,.T.);
#1885=ADVANCED_FACE('',(#230),#107,.T.);
#1886=ADVANCED_FACE('',(#231,#70),#108,.T.);
#1887=ADVANCED_FACE('',(#232),#109,.T.);
#1888=ADVANCED_FACE('',(#233,#71),#110,.T.);
#1889=ADVANCED_FACE('',(#234),#111,.T.);
#1890=ADVANCED_FACE('',(#235),#112,.T.);
#1891=ADVANCED_FACE('',(#236),#113,.T.);
#1892=ADVANCED_FACE('',(#237),#114,.T.);
#1893=ADVANCED_FACE('',(#238),#115,.T.);
#1894=ADVANCED_FACE('',(#239,#72,#73,#74,#75),#116,.F.);
#1895=CLOSED_SHELL('',(#1794,#1795,#1796,#1797,#1798,#1799,#1800,#1801,
#1802,#1803,#1804,#1805,#1806,#1807,#1808,#1809,#1810,#1811,#1812,#1813,
#1814,#1815,#1816,#1817,#1818,#1819,#1820,#1821,#1822,#1823,#1824,#1825,
#1826,#1827,#1828,#1829,#1830,#1831,#1832,#1833,#1834,#1835,#1836,#1837,
#1838,#1839,#1840,#1841,#1842,#1843,#1844,#1845,#1846,#1847,#1848,#1849,
#1850,#1851,#1852,#1853,#1854,#1855,#1856,#1857,#1858,#1859,#1860,#1861,
#1862,#1863,#1864,#1865,#1866,#1867,#1868,#1869,#1870,#1871,#1872,#1873,
#1874,#1875,#1876,#1877,#1878,#1879,#1880,#1881,#1882,#1883,#1884,#1885,
#1886,#1887,#1888,#1889,#1890,#1891,#1892,#1893,#1894));
#1896=DERIVED_UNIT_ELEMENT(#1899,1.);
#1897=DERIVED_UNIT_ELEMENT(#3249,-3.);
#1898=DIMENSIONAL_EXPONENTS(0.,1.,0.,0.,0.,0.,0.);
#1899=(
CONVERSION_BASED_UNIT('gram',#1901)
MASS_UNIT()
NAMED_UNIT(#1898)
);
#1900=(
MASS_UNIT()
NAMED_UNIT(*)
SI_UNIT(.KILO.,.GRAM.)
);
#1901=MASS_MEASURE_WITH_UNIT(MASS_MEASURE(0.001),#1900);
#1902=DERIVED_UNIT((#1896,#1897));
#1903=MEASURE_REPRESENTATION_ITEM('density measure',
POSITIVE_RATIO_MEASURE(1.),#1902);
#1904=PROPERTY_DEFINITION_REPRESENTATION(#1909,#1906);
#1905=PROPERTY_DEFINITION_REPRESENTATION(#1910,#1907);
#1906=REPRESENTATION('material name',(#1908),#3246);
#1907=REPRESENTATION('density',(#1903),#3246);
#1908=DESCRIPTIVE_REPRESENTATION_ITEM('Generisch','Generisch');
#1909=PROPERTY_DEFINITION('material property','material name',#3256);
#1910=PROPERTY_DEFINITION('material property','density of part',#3256);
#1911=DATE_TIME_ROLE('creation_date');
#1912=APPLIED_DATE_AND_TIME_ASSIGNMENT(#1913,#1911,(#3256));
#1913=DATE_AND_TIME(#1914,#1915);
#1914=CALENDAR_DATE(2026,11,4);
#1915=LOCAL_TIME(0,0,0.,#1916);
#1916=COORDINATED_UNIVERSAL_TIME_OFFSET(0,0,.BEHIND.);
#1917=AXIS2_PLACEMENT_3D('',#2695,#2123,#2124);
#1918=AXIS2_PLACEMENT_3D('',#2696,#2125,#2126);
#1919=AXIS2_PLACEMENT_3D('',#2698,#2127,#2128);
#1920=AXIS2_PLACEMENT_3D('',#2701,#2130,#2131);
#1921=AXIS2_PLACEMENT_3D('',#2702,#2132,#2133);
#1922=AXIS2_PLACEMENT_3D('',#2704,#2134,#2135);
#1923=AXIS2_PLACEMENT_3D('',#2707,#2137,#2138);
#1924=AXIS2_PLACEMENT_3D('',#2708,#2139,#2140);
#1925=AXIS2_PLACEMENT_3D('',#2710,#2141,#2142);
#1926=AXIS2_PLACEMENT_3D('',#2713,#2144,#2145);
#1927=AXIS2_PLACEMENT_3D('',#2714,#2146,#2147);
#1928=AXIS2_PLACEMENT_3D('',#2716,#2148,#2149);
#1929=AXIS2_PLACEMENT_3D('',#2719,#2151,#2152);
#1930=AXIS2_PLACEMENT_3D('',#2720,#2153,#2154);
#1931=AXIS2_PLACEMENT_3D('',#2722,#2155,#2156);
#1932=AXIS2_PLACEMENT_3D('',#2725,#2158,#2159);
#1933=AXIS2_PLACEMENT_3D('',#2726,#2160,#2161);
#1934=AXIS2_PLACEMENT_3D('',#2728,#2162,#2163);
#1935=AXIS2_PLACEMENT_3D('',#2731,#2165,#2166);
#1936=AXIS2_PLACEMENT_3D('',#2732,#2167,#2168);
#1937=AXIS2_PLACEMENT_3D('',#2734,#2169,#2170);
#1938=AXIS2_PLACEMENT_3D('',#2737,#2172,#2173);
#1939=AXIS2_PLACEMENT_3D('',#2738,#2174,#2175);
#1940=AXIS2_PLACEMENT_3D('',#2740,#2176,#2177);
#1941=AXIS2_PLACEMENT_3D('',#2743,#2179,#2180);
#1942=AXIS2_PLACEMENT_3D('',#2744,#2181,#2182);
#1943=AXIS2_PLACEMENT_3D('',#2746,#2183,#2184);
#1944=AXIS2_PLACEMENT_3D('',#2749,#2186,#2187);
#1945=AXIS2_PLACEMENT_3D('',#2750,#2188,#2189);
#1946=AXIS2_PLACEMENT_3D('',#2752,#2190,#2191);
#1947=AXIS2_PLACEMENT_3D('',#2755,#2193,#2194);
#1948=AXIS2_PLACEMENT_3D('',#2756,#2195,#2196);
#1949=AXIS2_PLACEMENT_3D('',#2758,#2197,#2198);
#1950=AXIS2_PLACEMENT_3D('',#2761,#2200,#2201);
#1951=AXIS2_PLACEMENT_3D('',#2762,#2202,#2203);
#1952=AXIS2_PLACEMENT_3D('',#2765,#2204,#2205);
#1953=AXIS2_PLACEMENT_3D('',#2767,#2206,#2207);
#1954=AXIS2_PLACEMENT_3D('',#2768,#2208,#2209);
#1955=AXIS2_PLACEMENT_3D('',#2769,#2210,#2211);
#1956=AXIS2_PLACEMENT_3D('',#2772,#2212,#2213);
#1957=AXIS2_PLACEMENT_3D('',#2774,#2214,#2215);
#1958=AXIS2_PLACEMENT_3D('',#2775,#2216,#2217);
#1959=AXIS2_PLACEMENT_3D('',#2776,#2218,#2219);
#1960=AXIS2_PLACEMENT_3D('',#2779,#2220,#2221);
#1961=AXIS2_PLACEMENT_3D('',#2781,#2222,#2223);
#1962=AXIS2_PLACEMENT_3D('',#2782,#2224,#2225);
#1963=AXIS2_PLACEMENT_3D('',#2783,#2226,#2227);
#1964=AXIS2_PLACEMENT_3D('',#2786,#2228,#2229);
#1965=AXIS2_PLACEMENT_3D('',#2788,#2230,#2231);
#1966=AXIS2_PLACEMENT_3D('',#2789,#2232,#2233);
#1967=AXIS2_PLACEMENT_3D('',#2790,#2234,#2235);
#1968=AXIS2_PLACEMENT_3D('',#2793,#2236,#2237);
#1969=AXIS2_PLACEMENT_3D('',#2795,#2238,#2239);
#1970=AXIS2_PLACEMENT_3D('',#2797,#2240,#2241);
#1971=AXIS2_PLACEMENT_3D('',#2798,#2242,#2243);
#1972=AXIS2_PLACEMENT_3D('',#2799,#2244,#2245);
#1973=AXIS2_PLACEMENT_3D('',#2802,#2246,#2247);
#1974=AXIS2_PLACEMENT_3D('',#2804,#2248,#2249);
#1975=AXIS2_PLACEMENT_3D('',#2806,#2250,#2251);
#1976=AXIS2_PLACEMENT_3D('',#2807,#2252,#2253);
#1977=AXIS2_PLACEMENT_3D('',#2808,#2254,#2255);
#1978=AXIS2_PLACEMENT_3D('',#2811,#2256,#2257);
#1979=AXIS2_PLACEMENT_3D('',#2813,#2258,#2259);
#1980=AXIS2_PLACEMENT_3D('',#2814,#2260,#2261);
#1981=AXIS2_PLACEMENT_3D('',#2815,#2262,#2263);
#1982=AXIS2_PLACEMENT_3D('',#2818,#2264,#2265);
#1983=AXIS2_PLACEMENT_3D('',#2820,#2266,#2267);
#1984=AXIS2_PLACEMENT_3D('',#2821,#2268,#2269);
#1985=AXIS2_PLACEMENT_3D('',#2822,#2270,#2271);
#1986=AXIS2_PLACEMENT_3D('',#2827,#2274,#2275);
#1987=AXIS2_PLACEMENT_3D('',#2828,#2276,#2277);
#1988=AXIS2_PLACEMENT_3D('',#2833,#2280,#2281);
#1989=AXIS2_PLACEMENT_3D('',#2834,#2282,#2283);
#1990=AXIS2_PLACEMENT_3D('',#2838,#2285,#2286);
#1991=AXIS2_PLACEMENT_3D('',#2840,#2288,#2289);
#1992=AXIS2_PLACEMENT_3D('',#2843,#2292,#2293);
#1993=AXIS2_PLACEMENT_3D('',#2848,#2296,#2297);
#1994=AXIS2_PLACEMENT_3D('',#2849,#2298,#2299);
#1995=AXIS2_PLACEMENT_3D('',#2853,#2301,#2302);
#1996=AXIS2_PLACEMENT_3D('',#2855,#2304,#2305);
#1997=AXIS2_PLACEMENT_3D('',#2860,#2308,#2309);
#1998=AXIS2_PLACEMENT_3D('',#2861,#2310,#2311);
#1999=AXIS2_PLACEMENT_3D('',#2866,#2314,#2315);
#2000=AXIS2_PLACEMENT_3D('',#2867,#2316,#2317);
#2001=AXIS2_PLACEMENT_3D('',#2871,#2319,#2320);
#2002=AXIS2_PLACEMENT_3D('',#2883,#2322,#2323);
#2003=AXIS2_PLACEMENT_3D('',#2884,#2324,#2325);
#2004=AXIS2_PLACEMENT_3D('',#2888,#2327,#2328);
#2005=AXIS2_PLACEMENT_3D('',#2890,#2330,#2331);
#2006=AXIS2_PLACEMENT_3D('',#2895,#2334,#2335);
#2007=AXIS2_PLACEMENT_3D('',#2896,#2336,#2337);
#2008=AXIS2_PLACEMENT_3D('',#2899,#2338,#2339);
#2009=AXIS2_PLACEMENT_3D('',#2902,#2342,#2343);
#2010=AXIS2_PLACEMENT_3D('',#2907,#2346,#2347);
#2011=AXIS2_PLACEMENT_3D('',#2908,#2348,#2349);
#2012=AXIS2_PLACEMENT_3D('',#2909,#2350,#2351);
#2013=AXIS2_PLACEMENT_3D('',#2910,#2352,#2353);
#2014=AXIS2_PLACEMENT_3D('',#2911,#2354,#2355);
#2015=AXIS2_PLACEMENT_3D('',#2914,#2356,#2357);
#2016=AXIS2_PLACEMENT_3D('',#2917,#2360,#2361);
#2017=AXIS2_PLACEMENT_3D('',#2920,#2364,#2365);
#2018=AXIS2_PLACEMENT_3D('',#2923,#2368,#2369);
#2019=AXIS2_PLACEMENT_3D('',#2928,#2372,#2373);
#2020=AXIS2_PLACEMENT_3D('',#2929,#2374,#2375);
#2021=AXIS2_PLACEMENT_3D('',#2934,#2378,#2379);
#2022=AXIS2_PLACEMENT_3D('',#2935,#2380,#2381);
#2023=AXIS2_PLACEMENT_3D('',#2937,#2382,#2383);
#2024=AXIS2_PLACEMENT_3D('',#2940,#2386,#2387);
#2025=AXIS2_PLACEMENT_3D('',#2945,#2390,#2391);
#2026=AXIS2_PLACEMENT_3D('',#2946,#2392,#2393);
#2027=AXIS2_PLACEMENT_3D('',#2951,#2395,#2396);
#2028=AXIS2_PLACEMENT_3D('',#2955,#2398,#2399);
#2029=AXIS2_PLACEMENT_3D('',#2959,#2401,#2402);
#2030=AXIS2_PLACEMENT_3D('',#2963,#2404,#2405);
#2031=AXIS2_PLACEMENT_3D('',#2971,#2412,#2413);
#2032=AXIS2_PLACEMENT_3D('',#2974,#2414,#2415);
#2033=AXIS2_PLACEMENT_3D('',#2979,#2420,#2421);
#2034=AXIS2_PLACEMENT_3D('',#2982,#2424,#2425);
#2035=AXIS2_PLACEMENT_3D('',#2984,#2427,#2428);
#2036=AXIS2_PLACEMENT_3D('',#2988,#2431,#2432);
#2037=AXIS2_PLACEMENT_3D('',#2989,#2433,#2434);
#2038=AXIS2_PLACEMENT_3D('',#2991,#2436,#2437);
#2039=AXIS2_PLACEMENT_3D('',#2992,#2438,#2439);
#2040=AXIS2_PLACEMENT_3D('',#2994,#2441,#2442);
#2041=AXIS2_PLACEMENT_3D('',#2995,#2443,#2444);
#2042=AXIS2_PLACEMENT_3D('',#2998,#2445,#2446);
#2043=AXIS2_PLACEMENT_3D('',#3003,#2450,#2451);
#2044=AXIS2_PLACEMENT_3D('',#3008,#2454,#2455);
#2045=AXIS2_PLACEMENT_3D('',#3012,#2457,#2458);
#2046=AXIS2_PLACEMENT_3D('',#3014,#2460,#2461);
#2047=AXIS2_PLACEMENT_3D('',#3017,#2464,#2465);
#2048=AXIS2_PLACEMENT_3D('',#3018,#2466,#2467);
#2049=AXIS2_PLACEMENT_3D('',#3019,#2468,#2469);
#2050=AXIS2_PLACEMENT_3D('',#3020,#2470,#2471);
#2051=AXIS2_PLACEMENT_3D('',#3022,#2473,#2474);
#2052=AXIS2_PLACEMENT_3D('',#3024,#2476,#2477);
#2053=AXIS2_PLACEMENT_3D('',#3026,#2479,#2480);
#2054=AXIS2_PLACEMENT_3D('',#3028,#2482,#2483);
#2055=AXIS2_PLACEMENT_3D('',#3030,#2485,#2486);
#2056=AXIS2_PLACEMENT_3D('',#3032,#2488,#2489);
#2057=AXIS2_PLACEMENT_3D('',#3034,#2491,#2492);
#2058=AXIS2_PLACEMENT_3D('',#3035,#2493,#2494);
#2059=AXIS2_PLACEMENT_3D('',#3036,#2495,#2496);
#2060=AXIS2_PLACEMENT_3D('',#3039,#2497,#2498);
#2061=AXIS2_PLACEMENT_3D('',#3043,#2500,#2501);
#2062=AXIS2_PLACEMENT_3D('',#3045,#2503,#2504);
#2063=AXIS2_PLACEMENT_3D('',#3049,#2506,#2507);
#2064=AXIS2_PLACEMENT_3D('',#3055,#2511,#2512);
#2065=AXIS2_PLACEMENT_3D('',#3059,#2515,#2516);
#2066=AXIS2_PLACEMENT_3D('',#3061,#2517,#2518);
#2067=AXIS2_PLACEMENT_3D('',#3063,#2520,#2521);
#2068=AXIS2_PLACEMENT_3D('',#3068,#2523,#2524);
#2069=AXIS2_PLACEMENT_3D('',#3072,#2526,#2527);
#2070=AXIS2_PLACEMENT_3D('',#3073,#2528,#2529);
#2071=AXIS2_PLACEMENT_3D('',#3074,#2530,#2531);
#2072=AXIS2_PLACEMENT_3D('',#3077,#2532,#2533);
#2073=AXIS2_PLACEMENT_3D('',#3078,#2534,#2535);
#2074=AXIS2_PLACEMENT_3D('',#3079,#2536,#2537);
#2075=AXIS2_PLACEMENT_3D('',#3080,#2538,#2539);
#2076=AXIS2_PLACEMENT_3D('',#3083,#2540,#2541);
#2077=AXIS2_PLACEMENT_3D('',#3086,#2544,#2545);
#2078=AXIS2_PLACEMENT_3D('',#3089,#2546,#2547);
#2079=AXIS2_PLACEMENT_3D('',#3090,#2548,#2549);
#2080=AXIS2_PLACEMENT_3D('',#3091,#2550,#2551);
#2081=AXIS2_PLACEMENT_3D('',#3092,#2552,#2553);
#2082=AXIS2_PLACEMENT_3D('',#3095,#2554,#2555);
#2083=AXIS2_PLACEMENT_3D('',#3098,#2558,#2559);
#2084=AXIS2_PLACEMENT_3D('',#3101,#2560,#2561);
#2085=AXIS2_PLACEMENT_3D('',#3102,#2562,#2563);
#2086=AXIS2_PLACEMENT_3D('',#3103,#2564,#2565);
#2087=AXIS2_PLACEMENT_3D('',#3104,#2566,#2567);
#2088=AXIS2_PLACEMENT_3D('',#3106,#2568,#2569);
#2089=AXIS2_PLACEMENT_3D('',#3109,#2572,#2573);
#2090=AXIS2_PLACEMENT_3D('',#3119,#2574,#2575);
#2091=AXIS2_PLACEMENT_3D('',#3120,#2576,#2577);
#2092=AXIS2_PLACEMENT_3D('',#3126,#2581,#2582);
#2093=AXIS2_PLACEMENT_3D('',#3129,#2584,#2585);
#2094=AXIS2_PLACEMENT_3D('',#3130,#2586,#2587);
#2095=AXIS2_PLACEMENT_3D('',#3134,#2590,#2591);
#2096=AXIS2_PLACEMENT_3D('',#3137,#2593,#2594);
#2097=AXIS2_PLACEMENT_3D('',#3138,#2595,#2596);
#2098=AXIS2_PLACEMENT_3D('',#3142,#2599,#2600);
#2099=AXIS2_PLACEMENT_3D('',#3146,#2602,#2603);
#2100=AXIS2_PLACEMENT_3D('',#3149,#2605,#2606);
#2101=AXIS2_PLACEMENT_3D('',#3150,#2607,#2608);
#2102=AXIS2_PLACEMENT_3D('',#3160,#2614,#2615);
#2103=AXIS2_PLACEMENT_3D('',#3168,#2620,#2621);
#2104=AXIS2_PLACEMENT_3D('',#3174,#2625,#2626);
#2105=AXIS2_PLACEMENT_3D('',#3178,#2629,#2630);
#2106=AXIS2_PLACEMENT_3D('',#3184,#2634,#2635);
#2107=AXIS2_PLACEMENT_3D('',#3186,#2636,#2637);
#2108=AXIS2_PLACEMENT_3D('',#3189,#2639,#2640);
#2109=AXIS2_PLACEMENT_3D('',#3190,#2641,#2642);
#2110=AXIS2_PLACEMENT_3D('',#3196,#2646,#2647);
#2111=AXIS2_PLACEMENT_3D('',#3197,#2648,#2649);
#2112=AXIS2_PLACEMENT_3D('',#3198,#2650,#2651);
#2113=AXIS2_PLACEMENT_3D('',#3200,#2653,#2654);
#2114=AXIS2_PLACEMENT_3D('',#3209,#2659,#2660);
#2115=AXIS2_PLACEMENT_3D('',#3212,#2663,#2664);
#2116=AXIS2_PLACEMENT_3D('',#3221,#2669,#2670);
#2117=AXIS2_PLACEMENT_3D('',#3227,#2674,#2675);
#2118=AXIS2_PLACEMENT_3D('',#3233,#2679,#2680);
#2119=AXIS2_PLACEMENT_3D('',#3236,#2683,#2684);
#2120=AXIS2_PLACEMENT_3D('',#3239,#2687,#2688);
#2121=AXIS2_PLACEMENT_3D('',#3242,#2691,#2692);
#2122=AXIS2_PLACEMENT_3D('',#3243,#2693,#2694);
#2123=DIRECTION('axis',(0.,0.,1.));
#2124=DIRECTION('refdir',(1.,0.,0.));
#2125=DIRECTION('center_axis',(-1.,-7.40148683083438E-17,0.));
#2126=DIRECTION('ref_axis',(0.,0.,1.));
#2127=DIRECTION('center_axis',(1.,7.40148683083438E-17,0.));
#2128=DIRECTION('ref_axis',(0.,0.,1.));
#2129=DIRECTION('',(1.,7.40148683083438E-17,0.));
#2130=DIRECTION('center_axis',(-1.,-7.93016446160826E-17,0.));
#2131=DIRECTION('ref_axis',(0.,0.,1.));
#2132=DIRECTION('center_axis',(-1.,-7.40148683083438E-17,0.));
#2133=DIRECTION('ref_axis',(0.,0.,1.));
#2134=DIRECTION('center_axis',(1.,7.40148683083438E-17,0.));
#2135=DIRECTION('ref_axis',(0.,0.,1.));
#2136=DIRECTION('',(1.,7.40148683083438E-17,0.));
#2137=DIRECTION('center_axis',(-1.,-7.93016446160826E-17,0.));
#2138=DIRECTION('ref_axis',(0.,0.,1.));
#2139=DIRECTION('center_axis',(-1.,-7.40148683083438E-17,0.));
#2140=DIRECTION('ref_axis',(0.,0.,1.));
#2141=DIRECTION('center_axis',(1.,7.40148683083438E-17,0.));
#2142=DIRECTION('ref_axis',(0.,0.,1.));
#2143=DIRECTION('',(1.,7.40148683083438E-17,0.));
#2144=DIRECTION('center_axis',(-1.,-7.93016446160826E-17,0.));
#2145=DIRECTION('ref_axis',(0.,0.,1.));
#2146=DIRECTION('center_axis',(-1.,-7.40148683083438E-17,0.));
#2147=DIRECTION('ref_axis',(0.,0.,1.));
#2148=DIRECTION('center_axis',(1.,7.40148683083438E-17,0.));
#2149=DIRECTION('ref_axis',(0.,0.,1.));
#2150=DIRECTION('',(1.,7.40148683083438E-17,0.));
#2151=DIRECTION('center_axis',(-1.,-7.93016446160826E-17,0.));
#2152=DIRECTION('ref_axis',(0.,0.,1.));
#2153=DIRECTION('center_axis',(-1.,-7.40148683083438E-17,0.));
#2154=DIRECTION('ref_axis',(0.,0.,1.));
#2155=DIRECTION('center_axis',(1.,7.40148683083438E-17,0.));
#2156=DIRECTION('ref_axis',(0.,0.,1.));
#2157=DIRECTION('',(1.,7.40148683083438E-17,0.));
#2158=DIRECTION('center_axis',(-1.,-7.93016446160826E-17,0.));
#2159=DIRECTION('ref_axis',(0.,0.,1.));
#2160=DIRECTION('center_axis',(0.,0.,1.));
#2161=DIRECTION('ref_axis',(1.,0.,0.));
#2162=DIRECTION('center_axis',(0.,0.,-1.));
#2163=DIRECTION('ref_axis',(1.,0.,0.));
#2164=DIRECTION('',(0.,0.,-1.));
#2165=DIRECTION('center_axis',(0.,0.,1.));
#2166=DIRECTION('ref_axis',(1.,0.,0.));
#2167=DIRECTION('center_axis',(0.,0.,1.));
#2168=DIRECTION('ref_axis',(1.,0.,0.));
#2169=DIRECTION('center_axis',(0.,0.,-1.));
#2170=DIRECTION('ref_axis',(1.,0.,0.));
#2171=DIRECTION('',(0.,0.,-1.));
#2172=DIRECTION('center_axis',(0.,0.,1.));
#2173=DIRECTION('ref_axis',(1.,0.,0.));
#2174=DIRECTION('center_axis',(0.,0.,1.));
#2175=DIRECTION('ref_axis',(1.,0.,0.));
#2176=DIRECTION('center_axis',(0.,0.,-1.));
#2177=DIRECTION('ref_axis',(1.,0.,0.));
#2178=DIRECTION('',(0.,0.,-1.));
#2179=DIRECTION('center_axis',(0.,0.,1.));
#2180=DIRECTION('ref_axis',(1.,0.,0.));
#2181=DIRECTION('center_axis',(0.,0.,1.));
#2182=DIRECTION('ref_axis',(1.,0.,0.));
#2183=DIRECTION('center_axis',(0.,0.,-1.));
#2184=DIRECTION('ref_axis',(1.,0.,0.));
#2185=DIRECTION('',(0.,0.,-1.));
#2186=DIRECTION('center_axis',(0.,0.,1.));
#2187=DIRECTION('ref_axis',(1.,0.,0.));
#2188=DIRECTION('center_axis',(0.,0.,1.));
#2189=DIRECTION('ref_axis',(1.,0.,0.));
#2190=DIRECTION('center_axis',(0.,0.,-1.));
#2191=DIRECTION('ref_axis',(1.,0.,0.));
#2192=DIRECTION('',(0.,0.,-1.));
#2193=DIRECTION('center_axis',(0.,0.,1.));
#2194=DIRECTION('ref_axis',(1.,0.,0.));
#2195=DIRECTION('center_axis',(0.,0.,1.));
#2196=DIRECTION('ref_axis',(1.,0.,0.));
#2197=DIRECTION('center_axis',(0.,0.,-1.));
#2198=DIRECTION('ref_axis',(1.,0.,0.));
#2199=DIRECTION('',(0.,0.,-1.));
#2200=DIRECTION('center_axis',(0.,0.,1.));
#2201=DIRECTION('ref_axis',(1.,0.,0.));
#2202=DIRECTION('center_axis',(0.,0.,1.));
#2203=DIRECTION('ref_axis',(1.,0.,0.));
#2204=DIRECTION('center_axis',(0.,1.,0.));
#2205=DIRECTION('ref_axis',(1.,0.,0.));
#2206=DIRECTION('center_axis',(1.,0.,0.));
#2207=DIRECTION('ref_axis',(0.,1.,0.));
#2208=DIRECTION('center_axis',(0.,0.,1.));
#2209=DIRECTION('ref_axis',(0.,1.,0.));
#2210=DIRECTION('center_axis',(0.,0.,1.));
#2211=DIRECTION('ref_axis',(1.,0.,0.));
#2212=DIRECTION('center_axis',(1.,0.,0.));
#2213=DIRECTION('ref_axis',(0.,-1.,0.));
#2214=DIRECTION('center_axis',(0.,-1.,0.));
#2215=DIRECTION('ref_axis',(1.,0.,0.));
#2216=DIRECTION('center_axis',(0.,0.,1.));
#2217=DIRECTION('ref_axis',(1.,0.,0.));
#2218=DIRECTION('center_axis',(0.,0.,1.));
#2219=DIRECTION('ref_axis',(1.,0.,0.));
#2220=DIRECTION('center_axis',(0.,0.,1.));
#2221=DIRECTION('ref_axis',(-1.,0.,0.));
#2222=DIRECTION('center_axis',(0.,-1.,0.));
#2223=DIRECTION('ref_axis',(0.,0.,1.));
#2224=DIRECTION('center_axis',(-1.,6.12323399573677E-17,0.));
#2225=DIRECTION('ref_axis',(0.,0.,1.));
#2226=DIRECTION('center_axis',(0.,0.,1.));
#2227=DIRECTION('ref_axis',(1.,0.,0.));
#2228=DIRECTION('center_axis',(0.,1.,0.));
#2229=DIRECTION('ref_axis',(0.,0.,1.));
#2230=DIRECTION('center_axis',(0.,0.,1.));
#2231=DIRECTION('ref_axis',(-1.,0.,0.));
#2232=DIRECTION('center_axis',(-1.,-6.12323399573677E-17,0.));
#2233=DIRECTION('ref_axis',(0.,0.,1.));
#2234=DIRECTION('center_axis',(0.,0.,1.));
#2235=DIRECTION('ref_axis',(1.,0.,0.));
#2236=DIRECTION('center_axis',(0.,0.,1.));
#2237=DIRECTION('ref_axis',(-1.,0.,0.));
#2238=DIRECTION('center_axis',(0.,-1.,0.));
#2239=DIRECTION('ref_axis',(0.,0.,1.));
#2240=DIRECTION('center_axis',(-1.,0.,0.));
#2241=DIRECTION('ref_axis',(0.,0.,1.));
#2242=DIRECTION('center_axis',(-3.55597270307723E-17,1.,0.));
#2243=DIRECTION('ref_axis',(0.,0.,-1.));
#2244=DIRECTION('center_axis',(0.,0.,1.));
#2245=DIRECTION('ref_axis',(1.,0.,0.));
#2246=DIRECTION('center_axis',(-1.,-7.40148683083438E-17,0.));
#2247=DIRECTION('ref_axis',(0.,0.,-1.));
#2248=DIRECTION('center_axis',(-3.55597270307723E-17,1.,0.));
#2249=DIRECTION('ref_axis',(0.,0.,-1.));
#2250=DIRECTION('center_axis',(1.,0.,0.));
#2251=DIRECTION('ref_axis',(0.,0.,1.));
#2252=DIRECTION('center_axis',(7.93016446160826E-17,-1.,0.));
#2253=DIRECTION('ref_axis',(0.,0.,1.));
#2254=DIRECTION('center_axis',(0.,0.,1.));
#2255=DIRECTION('ref_axis',(1.,0.,0.));
#2256=DIRECTION('center_axis',(0.,1.,0.));
#2257=DIRECTION('ref_axis',(0.,0.,1.));
#2258=DIRECTION('center_axis',(0.544988350595415,-0.838443616300637,0.));
#2259=DIRECTION('ref_axis',(0.,0.,1.));
#2260=DIRECTION('center_axis',(-1.,0.,0.));
#2261=DIRECTION('ref_axis',(0.,1.,0.));
#2262=DIRECTION('center_axis',(0.,0.,1.));
#2263=DIRECTION('ref_axis',(1.,0.,0.));
#2264=DIRECTION('center_axis',(0.,0.,1.));
#2265=DIRECTION('ref_axis',(0.,-1.,0.));
#2266=DIRECTION('center_axis',(0.,-1.,0.));
#2267=DIRECTION('ref_axis',(0.,0.,1.));
#2268=DIRECTION('center_axis',(-1.,0.,0.));
#2269=DIRECTION('ref_axis',(0.,0.,1.));
#2270=DIRECTION('center_axis',(0.,0.,1.));
#2271=DIRECTION('ref_axis',(0.,1.,0.));
#2272=DIRECTION('',(0.,0.,1.));
#2273=DIRECTION('',(0.,0.,1.));
#2274=DIRECTION('center_axis',(0.,0.,1.));
#2275=DIRECTION('ref_axis',(0.,1.,0.));
#2276=DIRECTION('center_axis',(0.,0.,1.));
#2277=DIRECTION('ref_axis',(0.,1.,0.));
#2278=DIRECTION('',(0.,0.,1.));
#2279=DIRECTION('',(0.,0.,1.));
#2280=DIRECTION('center_axis',(0.,0.,1.));
#2281=DIRECTION('ref_axis',(0.,1.,0.));
#2282=DIRECTION('center_axis',(-1.,0.,0.));
#2283=DIRECTION('ref_axis',(0.,0.,-1.));
#2284=DIRECTION('',(-1.,0.,0.));
#2285=DIRECTION('center_axis',(-0.707106781186548,0.,0.707106781186547));
#2286=DIRECTION('ref_axis',(-0.707106781186547,0.,-0.707106781186548));
#2287=DIRECTION('',(-1.,0.,0.));
#2288=DIRECTION('center_axis',(0.,1.,0.));
#2289=DIRECTION('ref_axis',(0.,0.,-1.));
#2290=DIRECTION('',(0.,1.,0.));
#2291=DIRECTION('',(0.,1.,0.));
#2292=DIRECTION('center_axis',(1.,0.,0.));
#2293=DIRECTION('ref_axis',(0.,0.,1.));
#2294=DIRECTION('',(1.,0.,0.));
#2295=DIRECTION('',(1.,0.,0.));
#2296=DIRECTION('center_axis',(-0.707106781186548,0.,0.707106781186548));
#2297=DIRECTION('ref_axis',(-0.707106781186547,0.,-0.707106781186547));
#2298=DIRECTION('center_axis',(0.,0.,1.));
#2299=DIRECTION('ref_axis',(0.,1.,0.));
#2300=DIRECTION('',(0.,0.,1.));
#2301=DIRECTION('center_axis',(0.,0.,1.));
#2302=DIRECTION('ref_axis',(0.,1.,0.));
#2303=DIRECTION('',(0.,0.,1.));
#2304=DIRECTION('center_axis',(0.,0.,-1.));
#2305=DIRECTION('ref_axis',(0.,-1.,0.));
#2306=DIRECTION('',(0.,0.,-1.));
#2307=DIRECTION('',(0.,0.,-1.));
#2308=DIRECTION('center_axis',(0.,0.,1.));
#2309=DIRECTION('ref_axis',(0.,-1.,0.));
#2310=DIRECTION('center_axis',(-1.,0.,0.));
#2311=DIRECTION('ref_axis',(0.,0.,-1.));
#2312=DIRECTION('',(-1.,0.,0.));
#2313=DIRECTION('',(-1.,0.,0.));
#2314=DIRECTION('center_axis',(0.707106781186547,0.,0.707106781186548));
#2315=DIRECTION('ref_axis',(-0.707106781186548,0.,0.707106781186547));
#2316=DIRECTION('center_axis',(-1.,0.,0.));
#2317=DIRECTION('ref_axis',(0.,0.,-1.));
#2318=DIRECTION('',(-1.,0.,0.));
#2319=DIRECTION('center_axis',(0.544988350595415,-0.838443616300637,0.));
#2320=DIRECTION('ref_axis',(-0.838443616300637,-0.544988350595415,0.));
#2321=DIRECTION('',(-1.,0.,0.));
#2322=DIRECTION('center_axis',(0.707106781186547,0.,0.707106781186548));
#2323=DIRECTION('ref_axis',(-0.707106781186548,0.,0.707106781186547));
#2324=DIRECTION('center_axis',(0.,0.,1.));
#2325=DIRECTION('ref_axis',(0.,1.,0.));
#2326=DIRECTION('',(0.,0.,1.));
#2327=DIRECTION('center_axis',(0.,0.,1.));
#2328=DIRECTION('ref_axis',(0.,1.,0.));
#2329=DIRECTION('',(0.,0.,1.));
#2330=DIRECTION('center_axis',(0.,0.,-1.));
#2331=DIRECTION('ref_axis',(0.,-1.,0.));
#2332=DIRECTION('',(0.,0.,-1.));
#2333=DIRECTION('',(0.,0.,-1.));
#2334=DIRECTION('center_axis',(0.,0.,1.));
#2335=DIRECTION('ref_axis',(0.,-1.,0.));
#2336=DIRECTION('center_axis',(0.,1.,0.));
#2337=DIRECTION('ref_axis',(0.,0.,-1.));
#2338=DIRECTION('center_axis',(0.,-1.,0.));
#2339=DIRECTION('ref_axis',(0.,0.,-1.));
#2340=DIRECTION('',(0.,1.,0.));
#2341=DIRECTION('',(0.,1.,0.));
#2342=DIRECTION('center_axis',(0.,0.,1.));
#2343=DIRECTION('ref_axis',(0.,1.,0.));
#2344=DIRECTION('',(0.,0.,1.));
#2345=DIRECTION('',(0.,0.,1.));
#2346=DIRECTION('center_axis',(0.,0.,1.));
#2347=DIRECTION('ref_axis',(0.,1.,0.));
#2348=DIRECTION('center_axis',(0.,0.,-1.));
#2349=DIRECTION('ref_axis',(-1.,0.,0.));
#2350=DIRECTION('center_axis',(0.,0.,-1.));
#2351=DIRECTION('ref_axis',(-1.,0.,0.));
#2352=DIRECTION('center_axis',(0.,0.,-1.));
#2353=DIRECTION('ref_axis',(-1.,0.,0.));
#2354=DIRECTION('center_axis',(0.,0.,1.));
#2355=DIRECTION('ref_axis',(0.,1.,0.));
#2356=DIRECTION('center_axis',(0.,0.,1.));
#2357=DIRECTION('ref_axis',(0.,1.,0.));
#2358=DIRECTION('',(0.,0.,1.));
#2359=DIRECTION('',(0.,0.,1.));
#2360=DIRECTION('center_axis',(0.,1.,0.));
#2361=DIRECTION('ref_axis',(0.,0.,-1.));
#2362=DIRECTION('',(0.,1.,0.));
#2363=DIRECTION('',(0.,1.,0.));
#2364=DIRECTION('center_axis',(-1.,0.,0.));
#2365=DIRECTION('ref_axis',(0.,0.,-1.));
#2366=DIRECTION('',(-1.,0.,0.));
#2367=DIRECTION('',(-1.,0.,0.));
#2368=DIRECTION('center_axis',(0.,0.,1.));
#2369=DIRECTION('ref_axis',(0.,1.,0.));
#2370=DIRECTION('',(0.,0.,1.));
#2371=DIRECTION('',(0.,0.,-1.));
#2372=DIRECTION('center_axis',(0.,0.,1.));
#2373=DIRECTION('ref_axis',(0.,1.,0.));
#2374=DIRECTION('center_axis',(7.93016446160826E-17,-1.,0.));
#2375=DIRECTION('ref_axis',(0.,0.,1.));
#2376=DIRECTION('',(7.93016446160826E-17,-1.,0.));
#2377=DIRECTION('',(7.93016446160826E-17,-1.,0.));
#2378=DIRECTION('center_axis',(0.,-1.,0.));
#2379=DIRECTION('ref_axis',(0.,0.,1.));
#2380=DIRECTION('center_axis',(0.,1.,0.));
#2381=DIRECTION('ref_axis',(0.,0.,-1.));
#2382=DIRECTION('center_axis',(0.544988350595415,-0.838443616300637,0.));
#2383=DIRECTION('ref_axis',(-0.838443616300637,-0.544988350595415,0.));
#2384=DIRECTION('',(0.,1.,0.));
#2385=DIRECTION('',(0.,1.,0.));
#2386=DIRECTION('center_axis',(0.,0.,1.));
#2387=DIRECTION('ref_axis',(0.,1.,0.));
#2388=DIRECTION('',(0.,0.,1.));
#2389=DIRECTION('',(0.,0.,1.));
#2390=DIRECTION('center_axis',(0.,0.,1.));
#2391=DIRECTION('ref_axis',(0.,1.,0.));
#2392=DIRECTION('center_axis',(0.,0.,1.));
#2393=DIRECTION('ref_axis',(1.,0.,0.));
#2394=DIRECTION('',(-1.,0.,0.));
#2395=DIRECTION('center_axis',(0.,0.,-1.));
#2396=DIRECTION('ref_axis',(-7.40148683083441E-16,-1.,0.));
#2397=DIRECTION('',(-0.838443616300637,-0.544988350595415,0.));
#2398=DIRECTION('center_axis',(0.,0.,-1.));
#2399=DIRECTION('ref_axis',(0.544988350595413,-0.838443616300638,0.));
#2400=DIRECTION('',(0.,-1.,0.));
#2401=DIRECTION('center_axis',(0.,0.,-1.));
#2402=DIRECTION('ref_axis',(1.,-1.38777878078145E-15,0.));
#2403=DIRECTION('',(0.838443616300637,-0.544988350595414,0.));
#2404=DIRECTION('center_axis',(0.,0.,-1.));
#2405=DIRECTION('ref_axis',(0.544988350595414,0.838443616300637,0.));
#2406=DIRECTION('',(1.,3.55597270307723E-17,0.));
#2407=DIRECTION('',(-7.40148683083438E-17,1.,0.));
#2408=DIRECTION('',(1.,0.,0.));
#2409=DIRECTION('',(0.,-1.,0.));
#2410=DIRECTION('',(-1.,0.,0.));
#2411=DIRECTION('',(0.,1.,0.));
#2412=DIRECTION('center_axis',(0.,0.,1.));
#2413=DIRECTION('ref_axis',(1.,0.,0.));
#2414=DIRECTION('center_axis',(0.,0.,-1.));
#2415=DIRECTION('ref_axis',(-7.40148683083441E-16,-1.,0.));
#2416=DIRECTION('',(-1.,0.,0.));
#2417=DIRECTION('',(-1.,0.,0.));
#2418=DIRECTION('',(0.,-1.,0.));
#2419=DIRECTION('',(1.,0.,0.));
#2420=DIRECTION('center_axis',(0.,-1.,0.));
#2421=DIRECTION('ref_axis',(1.,0.,0.));
#2422=DIRECTION('',(0.,0.,1.));
#2423=DIRECTION('',(0.,0.,1.));
#2424=DIRECTION('center_axis',(0.,1.,0.));
#2425=DIRECTION('ref_axis',(-1.,0.,0.));
#2426=DIRECTION('',(0.,0.,1.));
#2427=DIRECTION('center_axis',(0.,-1.,0.));
#2428=DIRECTION('ref_axis',(1.,0.,0.));
#2429=DIRECTION('',(0.,0.,1.));
#2430=DIRECTION('',(1.,0.,0.));
#2431=DIRECTION('center_axis',(1.,0.,0.));
#2432=DIRECTION('ref_axis',(0.,1.,0.));
#2433=DIRECTION('center_axis',(0.,0.,1.));
#2434=DIRECTION('ref_axis',(1.,0.,0.));
#2435=DIRECTION('',(0.,-1.,0.));
#2436=DIRECTION('center_axis',(1.,0.,0.));
#2437=DIRECTION('ref_axis',(0.,1.,0.));
#2438=DIRECTION('center_axis',(0.,0.,1.));
#2439=DIRECTION('ref_axis',(1.,0.,0.));
#2440=DIRECTION('',(0.,1.,0.));
#2441=DIRECTION('center_axis',(-1.,0.,0.));
#2442=DIRECTION('ref_axis',(0.,-1.,0.));
#2443=DIRECTION('center_axis',(0.,0.,1.));
#2444=DIRECTION('ref_axis',(1.,0.,0.));
#2445=DIRECTION('center_axis',(0.,0.,-1.));
#2446=DIRECTION('ref_axis',(0.544988350595413,-0.838443616300638,0.));
#2447=DIRECTION('',(-0.838443616300637,-0.544988350595415,0.));
#2448=DIRECTION('',(0.,1.,0.));
#2449=DIRECTION('',(0.,1.,0.));
#2450=DIRECTION('center_axis',(0.,0.,-1.));
#2451=DIRECTION('ref_axis',(1.,0.,0.));
#2452=DIRECTION('',(0.,1.,0.));
#2453=DIRECTION('',(1.,3.55597270307723E-17,0.));
#2454=DIRECTION('center_axis',(0.,0.,-1.));
#2455=DIRECTION('ref_axis',(0.544988350595414,0.838443616300637,0.));
#2456=DIRECTION('',(0.838443616300637,-0.544988350595414,0.));
#2457=DIRECTION('center_axis',(0.,0.,-1.));
#2458=DIRECTION('ref_axis',(1.,-1.38777878078145E-15,0.));
#2459=DIRECTION('',(0.,-1.,0.));
#2460=DIRECTION('center_axis',(0.,0.,1.));
#2461=DIRECTION('ref_axis',(0.544988350595414,0.838443616300637,0.));
#2462=DIRECTION('',(0.,0.,1.));
#2463=DIRECTION('',(0.,0.,1.));
#2464=DIRECTION('center_axis',(-1.,0.,0.));
#2465=DIRECTION('ref_axis',(0.,-1.,0.));
#2466=DIRECTION('center_axis',(0.,0.,1.));
#2467=DIRECTION('ref_axis',(-1.,-1.22464679914735E-16,0.));
#2468=DIRECTION('center_axis',(-1.,0.,0.));
#2469=DIRECTION('ref_axis',(0.,-1.,0.));
#2470=DIRECTION('center_axis',(-3.55597270307723E-17,1.,0.));
#2471=DIRECTION('ref_axis',(-1.,-3.55597270307723E-17,0.));
#2472=DIRECTION('',(0.,0.,-1.));
#2473=DIRECTION('center_axis',(-1.,0.,0.));
#2474=DIRECTION('ref_axis',(0.,-1.,0.));
#2475=DIRECTION('',(0.,0.,-1.));
#2476=DIRECTION('center_axis',(0.,0.,1.));
#2477=DIRECTION('ref_axis',(-7.40148683083441E-16,-1.,0.));
#2478=DIRECTION('',(0.,0.,1.));
#2479=DIRECTION('center_axis',(0.544988350595415,-0.838443616300637,0.));
#2480=DIRECTION('ref_axis',(0.838443616300637,0.544988350595415,0.));
#2481=DIRECTION('',(0.,0.,1.));
#2482=DIRECTION('center_axis',(0.,0.,1.));
#2483=DIRECTION('ref_axis',(0.544988350595413,-0.838443616300638,0.));
#2484=DIRECTION('',(0.,0.,1.));
#2485=DIRECTION('center_axis',(1.,0.,0.));
#2486=DIRECTION('ref_axis',(0.,1.,0.));
#2487=DIRECTION('',(0.,0.,1.));
#2488=DIRECTION('center_axis',(0.,0.,1.));
#2489=DIRECTION('ref_axis',(1.,-1.38777878078145E-15,0.));
#2490=DIRECTION('',(0.,0.,1.));
#2491=DIRECTION('center_axis',(0.544988350595414,0.838443616300637,0.));
#2492=DIRECTION('ref_axis',(-0.838443616300637,0.544988350595414,0.));
#2493=DIRECTION('center_axis',(-1.,-7.40148683083438E-17,0.));
#2494=DIRECTION('ref_axis',(7.40148683083438E-17,-1.,0.));
#2495=DIRECTION('center_axis',(1.,0.,0.));
#2496=DIRECTION('ref_axis',(0.,-0.707106781186548,0.707106781186547));
#2497=DIRECTION('center_axis',(-1.,-7.93016446160826E-17,0.));
#2498=DIRECTION('ref_axis',(0.,-0.707106781186548,0.707106781186547));
#2499=DIRECTION('',(-1.,0.,0.));
#2500=DIRECTION('center_axis',(1.,7.40148683083438E-17,0.));
#2501=DIRECTION('ref_axis',(0.,-0.707106781186548,0.707106781186547));
#2502=DIRECTION('',(1.,0.,0.));
#2503=DIRECTION('center_axis',(-1.,-7.40148683083438E-17,0.));
#2504=DIRECTION('ref_axis',(7.40148683083438E-17,-1.,0.));
#2505=DIRECTION('',(7.40148683083438E-17,-1.,0.));
#2506=DIRECTION('center_axis',(1.,7.40148683083438E-17,0.));
#2507=DIRECTION('ref_axis',(0.,0.707106781186548,0.707106781186547));
#2508=DIRECTION('',(0.,0.,1.));
#2509=DIRECTION('',(7.40148683083438E-17,-1.,0.));
#2510=DIRECTION('',(0.,0.,1.));
#2511=DIRECTION('center_axis',(0.,0.,1.));
#2512=DIRECTION('ref_axis',(1.,0.,0.));
#2513=DIRECTION('',(-7.93016446160826E-17,1.,0.));
#2514=DIRECTION('',(1.,3.55597270307723E-17,0.));
#2515=DIRECTION('center_axis',(-1.,-3.55597270307723E-17,0.));
#2516=DIRECTION('ref_axis',(0.,0.707106781186548,0.707106781186547));
#2517=DIRECTION('center_axis',(-1.,-7.93016446160826E-17,0.));
#2518=DIRECTION('ref_axis',(0.,0.707106781186548,0.707106781186547));
#2519=DIRECTION('',(-1.,-3.55597270307723E-17,0.));
#2520=DIRECTION('center_axis',(0.838443616300637,0.544988350595415,0.));
#2521=DIRECTION('ref_axis',(0.385364958373693,-0.592869166728751,0.707106781186547));
#2522=DIRECTION('',(0.838443616300637,0.544988350595415,0.));
#2523=DIRECTION('center_axis',(-0.838443616300637,-0.544988350595415,0.));
#2524=DIRECTION('ref_axis',(0.544988350595415,-0.838443616300637,0.));
#2525=DIRECTION('',(-0.838443616300637,-0.544988350595415,0.));
#2526=DIRECTION('center_axis',(1.,0.,0.));
#2527=DIRECTION('ref_axis',(0.,-1.,-2.32714851916737E-16));
#2528=DIRECTION('center_axis',(0.838443616300637,0.544988350595415,0.));
#2529=DIRECTION('ref_axis',(0.,0.,1.));
#2530=DIRECTION('center_axis',(0.,0.,1.));
#2531=DIRECTION('ref_axis',(1.,0.,0.));
#2532=DIRECTION('center_axis',(0.,-1.,0.));
#2533=DIRECTION('ref_axis',(1.,0.,0.));
#2534=DIRECTION('center_axis',(0.,0.,-1.));
#2535=DIRECTION('ref_axis',(0.878916477998739,-0.476975706616483,0.));
#2536=DIRECTION('center_axis',(0.,0.,1.));
#2537=DIRECTION('ref_axis',(0.878916477998739,-0.476975706616483,0.));
#2538=DIRECTION('center_axis',(0.,1.,0.));
#2539=DIRECTION('ref_axis',(0.707106781186549,0.,0.707106781186546));
#2540=DIRECTION('center_axis',(0.,-1.,0.));
#2541=DIRECTION('ref_axis',(1.,0.,0.));
#2542=DIRECTION('',(0.,-1.,0.));
#2543=DIRECTION('',(0.,1.,0.));
#2544=DIRECTION('center_axis',(0.,0.,1.));
#2545=DIRECTION('ref_axis',(1.,0.,0.));
#2546=DIRECTION('center_axis',(0.838443616300637,-0.544988350595415,0.));
#2547=DIRECTION('ref_axis',(0.544988350595415,0.838443616300637,0.));
#2548=DIRECTION('center_axis',(0.,0.,-1.));
#2549=DIRECTION('ref_axis',(0.878916477998739,0.476975706616483,0.));
#2550=DIRECTION('center_axis',(0.,0.,1.));
#2551=DIRECTION('ref_axis',(0.878916477998739,0.476975706616482,0.));
#2552=DIRECTION('center_axis',(-0.838443616300637,0.544988350595414,0.));
#2553=DIRECTION('ref_axis',(0.385364958373688,0.592869166728751,0.707106781186549));
#2554=DIRECTION('center_axis',(0.838443616300638,-0.544988350595413,0.));
#2555=DIRECTION('ref_axis',(0.544988350595413,0.838443616300638,0.));
#2556=DIRECTION('',(0.838443616300637,-0.544988350595414,0.));
#2557=DIRECTION('',(-0.838443616300637,0.544988350595414,0.));
#2558=DIRECTION('center_axis',(0.,0.,1.));
#2559=DIRECTION('ref_axis',(1.,0.,0.));
#2560=DIRECTION('center_axis',(1.,0.,0.));
#2561=DIRECTION('ref_axis',(0.,1.,0.));
#2562=DIRECTION('center_axis',(0.,0.,-1.));
#2563=DIRECTION('ref_axis',(0.284215045079745,0.958760558299265,0.));
#2564=DIRECTION('center_axis',(0.,0.,1.));
#2565=DIRECTION('ref_axis',(0.284215045079745,0.958760558299265,0.));
#2566=DIRECTION('center_axis',(-1.,-3.55597270307723E-17,0.));
#2567=DIRECTION('ref_axis',(0.,0.707106781186548,0.707106781186548));
#2568=DIRECTION('center_axis',(-1.,-7.93016446160826E-17,0.));
#2569=DIRECTION('ref_axis',(0.,0.707106781186548,0.707106781186548));
#2570=DIRECTION('',(1.,3.55597270307723E-17,0.));
#2571=DIRECTION('',(-1.,-3.55597270307723E-17,0.));
#2572=DIRECTION('center_axis',(0.,0.,1.));
#2573=DIRECTION('ref_axis',(1.,0.,0.));
#2574=DIRECTION('center_axis',(0.,0.,1.));
#2575=DIRECTION('ref_axis',(0.525657335933558,-0.850696400121239,0.));
#2576=DIRECTION('center_axis',(0.544988350595414,0.838443616300637,0.));
#2577=DIRECTION('ref_axis',(-0.838443616300637,0.544988350595414,0.));
#2578=DIRECTION('',(0.,0.,1.));
#2579=DIRECTION('',(-0.838443616300637,0.544988350595414,0.));
#2580=DIRECTION('',(0.,0.,1.));
#2581=DIRECTION('center_axis',(0.,0.,1.));
#2582=DIRECTION('ref_axis',(1.,-1.38777878078145E-15,0.));
#2583=DIRECTION('',(0.,0.,1.));
#2584=DIRECTION('center_axis',(0.,0.,1.));
#2585=DIRECTION('ref_axis',(1.,-1.38777878078145E-15,0.));
#2586=DIRECTION('center_axis',(1.,0.,0.));
#2587=DIRECTION('ref_axis',(0.,1.,0.));
#2588=DIRECTION('',(0.,0.,1.));
#2589=DIRECTION('',(0.,1.,0.));
#2590=DIRECTION('center_axis',(0.,0.,1.));
#2591=DIRECTION('ref_axis',(0.544988350595413,-0.838443616300638,0.));
#2592=DIRECTION('',(0.,0.,1.));
#2593=DIRECTION('center_axis',(0.,0.,1.));
#2594=DIRECTION('ref_axis',(0.544988350595413,-0.838443616300638,0.));
#2595=DIRECTION('center_axis',(0.544988350595415,-0.838443616300637,0.));
#2596=DIRECTION('ref_axis',(0.838443616300637,0.544988350595415,0.));
#2597=DIRECTION('',(0.,0.,1.));
#2598=DIRECTION('',(0.838443616300637,0.544988350595415,0.));
#2599=DIRECTION('center_axis',(0.,0.,1.));
#2600=DIRECTION('ref_axis',(-7.40148683083441E-16,-1.,0.));
#2601=DIRECTION('',(0.,0.,1.));
#2602=DIRECTION('center_axis',(0.,0.,1.));
#2603=DIRECTION('ref_axis',(-7.40148683083441E-16,-1.,0.));
#2604=DIRECTION('',(0.,0.,1.));
#2605=DIRECTION('center_axis',(0.,0.,1.));
#2606=DIRECTION('ref_axis',(-7.40148683083441E-16,-1.,0.));
#2607=DIRECTION('center_axis',(-1.,0.,0.));
#2608=DIRECTION('ref_axis',(0.,-1.,0.));
#2609=DIRECTION('',(0.,-1.,0.));
#2610=DIRECTION('',(0.,0.,1.));
#2611=DIRECTION('',(0.,1.,0.));
#2612=DIRECTION('',(0.,0.,1.));
#2613=DIRECTION('',(0.,1.,0.));
#2614=DIRECTION('center_axis',(1.,7.93016446160826E-17,0.));
#2615=DIRECTION('ref_axis',(-7.93016446160826E-17,1.,0.));
#2616=DIRECTION('',(0.,0.,1.));
#2617=DIRECTION('',(7.93016446160826E-17,-1.,0.));
#2618=DIRECTION('',(0.,0.,1.));
#2619=DIRECTION('',(-1.11022302462516E-15,-1.,0.));
#2620=DIRECTION('center_axis',(0.,-1.,0.));
#2621=DIRECTION('ref_axis',(1.,0.,0.));
#2622=DIRECTION('',(0.,0.,1.));
#2623=DIRECTION('',(1.,0.,0.));
#2624=DIRECTION('',(-1.,0.,0.));
#2625=DIRECTION('center_axis',(-3.55597270307723E-17,1.,0.));
#2626=DIRECTION('ref_axis',(-1.,-3.55597270307723E-17,0.));
#2627=DIRECTION('',(0.,0.,1.));
#2628=DIRECTION('',(-1.,-3.55597270307723E-17,0.));
#2629=DIRECTION('center_axis',(-1.,0.,0.));
#2630=DIRECTION('ref_axis',(0.,-1.,0.));
#2631=DIRECTION('',(0.,1.,0.));
#2632=DIRECTION('',(0.,0.,1.));
#2633=DIRECTION('',(0.,-1.,0.));
#2634=DIRECTION('center_axis',(0.,0.,1.));
#2635=DIRECTION('ref_axis',(-1.,1.22464679914735E-16,0.));
#2636=DIRECTION('center_axis',(0.,0.,-1.));
#2637=DIRECTION('ref_axis',(-1.,0.,0.));
#2638=DIRECTION('',(0.,0.,1.));
#2639=DIRECTION('center_axis',(0.,0.,1.));
#2640=DIRECTION('ref_axis',(1.,0.,0.));
#2641=DIRECTION('center_axis',(-1.,0.,0.));
#2642=DIRECTION('ref_axis',(0.,-1.,0.));
#2643=DIRECTION('',(0.,1.,0.));
#2644=DIRECTION('',(0.,0.,1.));
#2645=DIRECTION('',(0.,-1.,0.));
#2646=DIRECTION('center_axis',(0.,0.,1.));
#2647=DIRECTION('ref_axis',(0.544988350595414,0.838443616300637,0.));
#2648=DIRECTION('center_axis',(0.,0.,1.));
#2649=DIRECTION('ref_axis',(0.544988350595414,0.838443616300637,0.));
#2650=DIRECTION('center_axis',(0.,0.,1.));
#2651=DIRECTION('ref_axis',(1.,0.,0.));
#2652=DIRECTION('',(1.,0.,0.));
#2653=DIRECTION('center_axis',(-1.,0.,0.));
#2654=DIRECTION('ref_axis',(0.,-1.,0.));
#2655=DIRECTION('',(0.,-1.,0.));
#2656=DIRECTION('',(0.,0.,-1.));
#2657=DIRECTION('',(0.,-1.,0.));
#2658=DIRECTION('',(0.,0.,1.));
#2659=DIRECTION('center_axis',(0.,0.,1.));
#2660=DIRECTION('ref_axis',(1.,0.,0.));
#2661=DIRECTION('',(-1.,0.,0.));
#2662=DIRECTION('',(-1.,0.,0.));
#2663=DIRECTION('center_axis',(1.,0.,0.));
#2664=DIRECTION('ref_axis',(0.,1.,0.));
#2665=DIRECTION('',(0.,1.,0.));
#2666=DIRECTION('',(0.,0.,-1.));
#2667=DIRECTION('',(0.,1.,0.));
#2668=DIRECTION('',(0.,0.,1.));
#2669=DIRECTION('center_axis',(0.,0.,1.));
#2670=DIRECTION('ref_axis',(1.,0.,0.));
#2671=DIRECTION('',(1.,0.,0.));
#2672=DIRECTION('',(0.,1.,0.));
#2673=DIRECTION('',(-1.,0.,0.));
#2674=DIRECTION('center_axis',(1.,0.,0.));
#2675=DIRECTION('ref_axis',(0.,1.,0.));
#2676=DIRECTION('',(0.,0.,1.));
#2677=DIRECTION('',(0.,1.,0.));
#2678=DIRECTION('',(0.,0.,1.));
#2679=DIRECTION('center_axis',(0.,-1.,0.));
#2680=DIRECTION('ref_axis',(1.,0.,0.));
#2681=DIRECTION('',(1.,0.,0.));
#2682=DIRECTION('',(1.,0.,0.));
#2683=DIRECTION('center_axis',(0.,1.,0.));
#2684=DIRECTION('ref_axis',(-1.,0.,0.));
#2685=DIRECTION('',(-1.,0.,0.));
#2686=DIRECTION('',(-1.,0.,0.));
#2687=DIRECTION('center_axis',(0.,-1.,0.));
#2688=DIRECTION('ref_axis',(1.,0.,0.));
#2689=DIRECTION('',(1.,0.,0.));
#2690=DIRECTION('',(1.,0.,0.));
#2691=DIRECTION('center_axis',(0.,0.,1.));
#2692=DIRECTION('ref_axis',(1.,0.,0.));
#2693=DIRECTION('center_axis',(0.,0.,1.));
#2694=DIRECTION('ref_axis',(1.,0.,0.));
#2695=CARTESIAN_POINT('',(0.,0.,0.));
#2696=CARTESIAN_POINT('Origin',(-4.48757457352906,-2.44796496770921,11.));
#2697=CARTESIAN_POINT('',(-7.13757457352906,-2.44796496770921,10.3895));
#2698=CARTESIAN_POINT('Origin',(-7.13757457352906,-2.44796496770921,11.));
#2699=CARTESIAN_POINT('',(-5.13757457352906,-2.44796496770921,10.3895));
#2700=CARTESIAN_POINT('',(-4.48757457352906,-2.44796496770921,10.3895));
#2701=CARTESIAN_POINT('Origin',(-5.13757457352906,-2.44796496770921,11.));
#2702=CARTESIAN_POINT('Origin',(-4.48757457352906,-2.44796496770921,16.));
#2703=CARTESIAN_POINT('',(-7.13757457352906,-2.44796496770921,15.3895));
#2704=CARTESIAN_POINT('Origin',(-7.13757457352906,-2.44796496770921,16.));
#2705=CARTESIAN_POINT('',(-5.13757457352906,-2.44796496770921,15.3895));
#2706=CARTESIAN_POINT('',(-4.48757457352906,-2.44796496770921,15.3895));
#2707=CARTESIAN_POINT('Origin',(-5.13757457352906,-2.44796496770921,16.));
#2708=CARTESIAN_POINT('Origin',(-4.48757457352906,-6.19796496770921,13.5));
#2709=CARTESIAN_POINT('',(-7.13757457352906,-6.19796496770921,12.8895));
#2710=CARTESIAN_POINT('Origin',(-7.13757457352906,-6.19796496770921,13.5));
#2711=CARTESIAN_POINT('',(-5.13757457352906,-6.19796496770921,12.8895));
#2712=CARTESIAN_POINT('',(-4.48757457352906,-6.19796496770921,12.8895));
#2713=CARTESIAN_POINT('Origin',(-5.13757457352906,-6.19796496770921,13.5));
#2714=CARTESIAN_POINT('Origin',(-4.48757457352906,-9.94796496770921,11.));
#2715=CARTESIAN_POINT('',(-7.13757457352906,-9.94796496770921,10.3895));
#2716=CARTESIAN_POINT('Origin',(-7.13757457352906,-9.94796496770921,11.));
#2717=CARTESIAN_POINT('',(-5.13757457352906,-9.94796496770921,10.3895));
#2718=CARTESIAN_POINT('',(-4.48757457352906,-9.94796496770921,10.3895));
#2719=CARTESIAN_POINT('Origin',(-5.13757457352906,-9.94796496770921,11.));
#2720=CARTESIAN_POINT('Origin',(-4.48757457352906,-9.94796496770921,16.));
#2721=CARTESIAN_POINT('',(-7.13757457352906,-9.94796496770921,15.3895));
#2722=CARTESIAN_POINT('Origin',(-7.13757457352906,-9.94796496770921,16.));
#2723=CARTESIAN_POINT('',(-5.13757457352906,-9.94796496770921,15.3895));
#2724=CARTESIAN_POINT('',(-4.48757457352906,-9.94796496770921,15.3895));
#2725=CARTESIAN_POINT('Origin',(-5.13757457352906,-9.94796496770921,16.));
#2726=CARTESIAN_POINT('Origin',(26.8700908509219,-12.1979649677092,-52.));
#2727=CARTESIAN_POINT('',(26.2595908509219,-12.1979649677092,5.));
#2728=CARTESIAN_POINT('Origin',(26.8700908509219,-12.1979649677092,5.));
#2729=CARTESIAN_POINT('',(26.2595908509219,-12.1979649677092,3.8));
#2730=CARTESIAN_POINT('',(26.2595908509219,-12.1979649677092,-52.));
#2731=CARTESIAN_POINT('Origin',(26.8700908509219,-12.1979649677092,3.8));
#2732=CARTESIAN_POINT('Origin',(26.8700908509219,-12.1979649677092,-52.));
#2733=CARTESIAN_POINT('',(26.2595908509219,-12.1979649677092,1.2));
#2734=CARTESIAN_POINT('Origin',(26.8700908509219,-12.1979649677092,1.2));
#2735=CARTESIAN_POINT('',(26.2595908509219,-12.1979649677092,0.));
#2736=CARTESIAN_POINT('',(26.2595908509219,-12.1979649677092,-52.));
#2737=CARTESIAN_POINT('Origin',(26.8700908509219,-12.1979649677092,0.));
#2738=CARTESIAN_POINT('Origin',(-0.629909149078105,-12.1979649677092,-52.));
#2739=CARTESIAN_POINT('',(-1.24040914907811,-12.1979649677092,5.));
#2740=CARTESIAN_POINT('Origin',(-0.629909149078105,-12.1979649677092,5.));
#2741=CARTESIAN_POINT('',(-1.24040914907811,-12.1979649677092,3.8));
#2742=CARTESIAN_POINT('',(-1.24040914907811,-12.1979649677092,-52.));
#2743=CARTESIAN_POINT('Origin',(-0.629909149078105,-12.1979649677092,3.8));
#2744=CARTESIAN_POINT('Origin',(-0.629909149078105,-12.1979649677092,-52.));
#2745=CARTESIAN_POINT('',(-1.24040914907811,-12.1979649677092,1.2));
#2746=CARTESIAN_POINT('Origin',(-0.629909149078105,-12.1979649677092,1.2));
#2747=CARTESIAN_POINT('',(-1.24040914907811,-12.1979649677092,0.));
#2748=CARTESIAN_POINT('',(-1.24040914907811,-12.1979649677092,-52.));
#2749=CARTESIAN_POINT('Origin',(-0.629909149078105,-12.1979649677092,0.));
#2750=CARTESIAN_POINT('Origin',(18.9350908509219,-0.197964967709214,-41.));
#2751=CARTESIAN_POINT('',(18.3245908509219,-0.197964967709214,16.));
#2752=CARTESIAN_POINT('Origin',(18.9350908509219,-0.197964967709214,16.));
#2753=CARTESIAN_POINT('',(18.3245908509219,-0.197964967709214,14.8));
#2754=CARTESIAN_POINT('',(18.3245908509219,-0.197964967709214,-41.));
#2755=CARTESIAN_POINT('Origin',(18.9350908509219,-0.197964967709214,14.8));
#2756=CARTESIAN_POINT('Origin',(18.9350908509219,-0.197964967709214,-41.));
#2757=CARTESIAN_POINT('',(18.3245908509219,-0.197964967709214,1.2));
#2758=CARTESIAN_POINT('Origin',(18.9350908509219,-0.197964967709214,1.2));
#2759=CARTESIAN_POINT('',(18.3245908509219,-0.197964967709214,0.));
#2760=CARTESIAN_POINT('',(18.3245908509219,-0.197964967709214,-41.));
#2761=CARTESIAN_POINT('Origin',(18.9350908509219,-0.197964967709214,0.));
#2762=CARTESIAN_POINT('Origin',(-2.87990914907811,-18.1979649677092,5.));
#2763=CARTESIAN_POINT('',(-2.87990914907811,-18.1979649677092,3.8));
#2764=CARTESIAN_POINT('',(-4.07990914907811,-18.1979649677092,5.));
#2765=CARTESIAN_POINT('Origin',(-2.87990914907811,-18.1979649677092,5.));
#2766=CARTESIAN_POINT('',(-2.87990914907811,-19.3979649677092,5.));
#2767=CARTESIAN_POINT('Origin',(-2.87990914907811,-18.1979649677092,5.));
#2768=CARTESIAN_POINT('Origin',(-2.87990914907811,-18.1979649677092,5.));
#2769=CARTESIAN_POINT('Origin',(-2.87990914907811,-6.19796496770921,5.));
#2770=CARTESIAN_POINT('',(-2.87990914907811,-6.19796496770921,3.8));
#2771=CARTESIAN_POINT('',(-2.87990914907811,-4.99796496770921,5.));
#2772=CARTESIAN_POINT('Origin',(-2.87990914907811,-6.19796496770921,5.));
#2773=CARTESIAN_POINT('',(-4.07990914907811,-6.19796496770921,5.));
#2774=CARTESIAN_POINT('Origin',(-2.87990914907811,-6.19796496770921,5.));
#2775=CARTESIAN_POINT('Origin',(-2.87990914907811,-6.19796496770921,5.));
#2776=CARTESIAN_POINT('Origin',(18.9350908509219,-2.69796496770921,9.));
#2777=CARTESIAN_POINT('',(20.1350908509219,-2.69796496770921,9.));
#2778=CARTESIAN_POINT('',(18.9350908509219,-1.49796496770922,9.));
#2779=CARTESIAN_POINT('Origin',(18.9350908509219,-2.69796496770921,9.));
#2780=CARTESIAN_POINT('',(18.9350908509219,-2.69796496770921,7.8));
#2781=CARTESIAN_POINT('Origin',(18.9350908509219,-2.69796496770921,9.));
#2782=CARTESIAN_POINT('Origin',(18.9350908509219,-2.69796496770921,9.));
#2783=CARTESIAN_POINT('Origin',(18.9350908509219,2.30203503229079,9.));
#2784=CARTESIAN_POINT('',(20.1350908509219,2.30203503229079,9.));
#2785=CARTESIAN_POINT('',(18.9350908509219,2.30203503229079,7.8));
#2786=CARTESIAN_POINT('Origin',(18.9350908509219,2.30203503229079,9.));
#2787=CARTESIAN_POINT('',(18.9350908509219,1.10203503229079,9.));
#2788=CARTESIAN_POINT('Origin',(18.9350908509219,2.30203503229079,9.));
#2789=CARTESIAN_POINT('Origin',(18.9350908509219,2.30203503229079,9.));
#2790=CARTESIAN_POINT('Origin',(18.9350908509219,6.80203503229079,9.));
#2791=CARTESIAN_POINT('',(20.1350908509219,6.80203503229079,9.));
#2792=CARTESIAN_POINT('',(19.8295180419218,7.60203503229079,9.));
#2793=CARTESIAN_POINT('Origin',(18.9350908509219,6.80203503229079,9.));
#2794=CARTESIAN_POINT('',(18.9350908509219,6.80203503229079,7.8));
#2795=CARTESIAN_POINT('Origin',(18.9350908509219,6.80203503229079,9.));
#2796=CARTESIAN_POINT('',(18.9350908509219,7.60203503229079,8.10557280900009));
#2797=CARTESIAN_POINT('Origin',(18.9350908509219,6.80203503229079,9.));
#2798=CARTESIAN_POINT('Origin',(18.9350908509219,7.60203503229079,9.));
#2799=CARTESIAN_POINT('Origin',(-5.13757457352906,6.80203503229079,9.));
#2800=CARTESIAN_POINT('',(-5.93757457352906,7.60203503229079,8.59999999999999));
#2801=CARTESIAN_POINT('',(-5.93757457352906,6.80203503229079,8.10557280900008));
#2802=CARTESIAN_POINT('Origin',(-5.93757457352906,6.80203503229079,9.));
#2803=CARTESIAN_POINT('',(-5.13757457352906,7.60203503229079,8.10557280900009));
#2804=CARTESIAN_POINT('Origin',(-5.13757457352906,7.60203503229079,9.));
#2805=CARTESIAN_POINT('',(-5.13757457352906,6.80203503229079,7.8));
#2806=CARTESIAN_POINT('Origin',(-5.13757457352906,6.80203503229079,9.));
#2807=CARTESIAN_POINT('Origin',(-5.13757457352906,6.80203503229079,9.));
#2808=CARTESIAN_POINT('Origin',(29.1200908509219,-18.1979649677092,5.));
#2809=CARTESIAN_POINT('',(30.2759281141245,-18.1979649677092,4.67744733609484));
#2810=CARTESIAN_POINT('',(29.1200908509219,-18.1979649677092,3.8));
#2811=CARTESIAN_POINT('Origin',(29.1200908509219,-18.1979649677092,5.));
#2812=CARTESIAN_POINT('',(29.1200908509219,-18.9492591887909,4.06428797519255));
#2813=CARTESIAN_POINT('Origin',(29.4633887375322,-18.7261155624942,5.));
#2814=CARTESIAN_POINT('Origin',(29.1200908509219,-18.1979649677092,5.));
#2815=CARTESIAN_POINT('Origin',(29.1200908509219,-6.19796496770921,5.));
#2816=CARTESIAN_POINT('',(30.3200908509219,-6.19796496770921,5.));
#2817=CARTESIAN_POINT('',(29.1200908509219,-4.99796496770921,5.));
#2818=CARTESIAN_POINT('Origin',(29.1200908509219,-6.19796496770921,5.));
#2819=CARTESIAN_POINT('',(29.1200908509219,-6.19796496770921,3.8));
#2820=CARTESIAN_POINT('Origin',(29.1200908509219,-6.19796496770921,5.));
#2821=CARTESIAN_POINT('Origin',(29.1200908509219,-6.19796496770921,5.));
#2822=CARTESIAN_POINT('Origin',(-2.87990914907811,-18.1979649677092,0.));
#2823=CARTESIAN_POINT('',(-4.07990914907811,-18.1979649677092,7.8));
#2824=CARTESIAN_POINT('',(-4.07990914907811,-18.1979649677092,0.));
#2825=CARTESIAN_POINT('',(-2.87990914907811,-19.3979649677092,7.8));
#2826=CARTESIAN_POINT('',(-2.87990914907811,-19.3979649677092,0.));
#2827=CARTESIAN_POINT('Origin',(-2.87990914907811,-18.1979649677092,7.8));
#2828=CARTESIAN_POINT('Origin',(-2.87990914907811,-6.19796496770921,0.));
#2829=CARTESIAN_POINT('',(-2.87990914907811,-4.99796496770921,7.8));
#2830=CARTESIAN_POINT('',(-2.87990914907811,-4.99796496770921,0.));
#2831=CARTESIAN_POINT('',(-4.07990914907811,-6.19796496770921,7.8));
#2832=CARTESIAN_POINT('',(-4.07990914907811,-6.19796496770921,0.));
#2833=CARTESIAN_POINT('Origin',(-2.87990914907811,-6.19796496770921,7.8));
#2834=CARTESIAN_POINT('Origin',(14.2450908509219,-18.1979649677092,5.));
#2835=CARTESIAN_POINT('',(0.420090850921897,-18.1979649677092,3.8));
#2836=CARTESIAN_POINT('',(14.2450908509219,-18.1979649677092,3.8));
#2837=CARTESIAN_POINT('',(1.6200908509219,-19.3979649677092,5.));
#2838=CARTESIAN_POINT('Origin',(1.6200908509219,-18.1979649677092,5.));
#2839=CARTESIAN_POINT('',(14.2450908509219,-19.3979649677092,5.));
#2840=CARTESIAN_POINT('Origin',(-2.87990914907811,-15.1979649677092,5.));
#2841=CARTESIAN_POINT('',(-2.87990914907811,-15.1979649677092,3.8));
#2842=CARTESIAN_POINT('',(-4.07990914907811,-15.1979649677092,5.));
#2843=CARTESIAN_POINT('Origin',(-1.75490914907811,-6.19796496770921,5.));
#2844=CARTESIAN_POINT('',(0.420090850921896,-6.19796496770921,3.8));
#2845=CARTESIAN_POINT('',(-1.75490914907811,-6.19796496770921,3.8));
#2846=CARTESIAN_POINT('',(1.6200908509219,-4.99796496770921,5.));
#2847=CARTESIAN_POINT('',(-1.75490914907811,-4.99796496770921,5.));
#2848=CARTESIAN_POINT('Origin',(1.6200908509219,-6.19796496770921,5.));
#2849=CARTESIAN_POINT('Origin',(1.6200908509219,-18.1979649677092,0.));
#2850=CARTESIAN_POINT('',(0.420090850921896,-18.1979649677092,1.2));
#2851=CARTESIAN_POINT('',(0.420090850921896,-18.1979649677092,0.));
#2852=CARTESIAN_POINT('',(1.6200908509219,-19.3979649677092,1.2));
#2853=CARTESIAN_POINT('Origin',(1.6200908509219,-18.1979649677092,1.2));
#2854=CARTESIAN_POINT('',(1.6200908509219,-19.3979649677092,0.));
#2855=CARTESIAN_POINT('Origin',(1.6200908509219,-6.19796496770921,0.));
#2856=CARTESIAN_POINT('',(0.420090850921896,-6.19796496770921,1.2));
#2857=CARTESIAN_POINT('',(0.420090850921896,-6.19796496770921,0.));
#2858=CARTESIAN_POINT('',(1.6200908509219,-4.99796496770921,1.2));
#2859=CARTESIAN_POINT('',(1.6200908509219,-4.99796496770921,0.));
#2860=CARTESIAN_POINT('Origin',(1.6200908509219,-6.19796496770921,1.2));
#2861=CARTESIAN_POINT('Origin',(37.8624254264709,-6.19796496770921,5.));
#2862=CARTESIAN_POINT('',(24.6200908509219,-4.99796496770921,5.));
#2863=CARTESIAN_POINT('',(37.8624254264709,-4.99796496770921,5.));
#2864=CARTESIAN_POINT('',(25.8200908509219,-6.19796496770921,3.8));
#2865=CARTESIAN_POINT('',(37.8624254264709,-6.19796496770921,3.8));
#2866=CARTESIAN_POINT('Origin',(24.6200908509219,-6.19796496770921,5.));
#2867=CARTESIAN_POINT('Origin',(27.9950908509219,-18.1979649677092,5.));
#2868=CARTESIAN_POINT('',(25.8200908509219,-18.1979649677092,3.8));
#2869=CARTESIAN_POINT('',(27.9950908509219,-18.1979649677092,3.8));
#2870=CARTESIAN_POINT('',(28.6997291014429,-19.2224943259523,4.37522836644253));
#2871=CARTESIAN_POINT('Origin',(30.2759281141245,-18.1979649677092,5.));
#2872=CARTESIAN_POINT('',(28.4075750263093,-19.3979649677092,5.));
#2873=CARTESIAN_POINT('Ctrl Pts',(28.4075750263093,-19.3979649677092,5.));
#2874=CARTESIAN_POINT('Ctrl Pts',(28.4075750263093,-19.3979649677092,4.91945188585605));
#2875=CARTESIAN_POINT('Ctrl Pts',(28.4223342042144,-19.3898701536354,4.84177532678322));
#2876=CARTESIAN_POINT('Ctrl Pts',(28.473843004618,-19.3607156245894,4.69390165142629));
#2877=CARTESIAN_POINT('Ctrl Pts',(28.5105483237126,-19.339629346279,4.62369434481923));
#2878=CARTESIAN_POINT('Ctrl Pts',(28.5972251828525,-19.2876060575087,4.49240748768338));
#2879=CARTESIAN_POINT('Ctrl Pts',(28.647151437945,-19.2566698072259,4.43127089785123));
#2880=CARTESIAN_POINT('Ctrl Pts',(28.6997291014429,-19.2224943259523,4.37522836644253));
#2881=CARTESIAN_POINT('',(24.6200908509219,-19.3979649677092,5.));
#2882=CARTESIAN_POINT('',(27.9950908509219,-19.3979649677092,5.));
#2883=CARTESIAN_POINT('Origin',(24.6200908509219,-18.1979649677092,5.));
#2884=CARTESIAN_POINT('Origin',(24.6200908509219,-6.19796496770921,0.));
#2885=CARTESIAN_POINT('',(25.8200908509219,-6.19796496770921,1.2));
#2886=CARTESIAN_POINT('',(25.8200908509219,-6.19796496770921,0.));
#2887=CARTESIAN_POINT('',(24.6200908509219,-4.99796496770921,1.2));
#2888=CARTESIAN_POINT('Origin',(24.6200908509219,-6.19796496770921,1.2));
#2889=CARTESIAN_POINT('',(24.6200908509219,-4.99796496770921,0.));
#2890=CARTESIAN_POINT('Origin',(24.6200908509219,-18.1979649677092,0.));
#2891=CARTESIAN_POINT('',(25.8200908509219,-18.1979649677092,1.2));
#2892=CARTESIAN_POINT('',(25.8200908509219,-18.1979649677092,0.));
#2893=CARTESIAN_POINT('',(24.6200908509219,-19.3979649677092,1.2));
#2894=CARTESIAN_POINT('',(24.6200908509219,-19.3979649677092,0.));
#2895=CARTESIAN_POINT('Origin',(24.6200908509219,-18.1979649677092,1.2));
#2896=CARTESIAN_POINT('Origin',(18.9350908509219,-6.19796496770921,9.));
#2897=CARTESIAN_POINT('',(18.9350908509219,-4.99796496770921,7.8));
#2898=CARTESIAN_POINT('',(20.1350908509219,-4.99796496770921,9.));
#2899=CARTESIAN_POINT('Origin',(18.9350908509219,-4.99796496770921,9.));
#2900=CARTESIAN_POINT('',(18.9350908509219,-6.19796496770921,7.8));
#2901=CARTESIAN_POINT('',(20.1350908509219,-6.19796496770921,9.));
#2902=CARTESIAN_POINT('Origin',(18.9350908509219,-2.69796496770921,0.));
#2903=CARTESIAN_POINT('',(20.1350908509219,-2.69796496770921,14.8));
#2904=CARTESIAN_POINT('',(20.1350908509219,-2.69796496770921,0.));
#2905=CARTESIAN_POINT('',(18.9350908509219,-1.49796496770922,14.8));
#2906=CARTESIAN_POINT('',(18.9350908509219,-1.49796496770922,0.));
#2907=CARTESIAN_POINT('Origin',(18.9350908509219,-2.69796496770921,14.8));
#2908=CARTESIAN_POINT('Origin',(18.9350908509219,-0.197964967709214,9.));
#2909=CARTESIAN_POINT('Origin',(18.9350908509219,-0.197964967709214,7.8));
#2910=CARTESIAN_POINT('Origin',(18.9350908509219,-0.197964967709214,9.));
#2911=CARTESIAN_POINT('Origin',(18.9350908509219,2.30203503229079,0.));
#2912=CARTESIAN_POINT('',(18.9350908509219,1.10203503229079,14.8));
#2913=CARTESIAN_POINT('',(20.1350908509219,2.30203503229079,14.8));
#2914=CARTESIAN_POINT('Origin',(18.9350908509219,2.30203503229079,14.8));
#2915=CARTESIAN_POINT('',(18.9350908509219,1.10203503229079,0.));
#2916=CARTESIAN_POINT('',(20.1350908509219,2.30203503229079,0.));
#2917=CARTESIAN_POINT('Origin',(18.9350908509219,2.30203503229079,9.));
#2918=CARTESIAN_POINT('',(20.1350908509219,2.30203503229079,9.));
#2919=CARTESIAN_POINT('',(18.9350908509219,2.30203503229079,7.8));
#2920=CARTESIAN_POINT('Origin',(26.0837850185849,6.80203503229079,9.));
#2921=CARTESIAN_POINT('',(26.0837850185849,7.60203503229079,8.10557280900009));
#2922=CARTESIAN_POINT('',(26.0837850185849,6.80203503229079,7.8));
#2923=CARTESIAN_POINT('Origin',(18.9350908509219,6.80203503229079,0.));
#2924=CARTESIAN_POINT('',(20.1350908509219,6.80203503229079,14.8));
#2925=CARTESIAN_POINT('',(20.1350908509219,6.80203503229079,0.));
#2926=CARTESIAN_POINT('',(19.8295180419218,7.60203503229079,14.8));
#2927=CARTESIAN_POINT('',(19.8295180419218,7.60203503229079,0.));
#2928=CARTESIAN_POINT('Origin',(18.9350908509219,6.80203503229079,14.8));
#2929=CARTESIAN_POINT('Origin',(-5.13757457352906,6.80203503229079,9.));
#2930=CARTESIAN_POINT('',(-5.93757457352906,-19.9979649677092,8.10557280900008));
#2931=CARTESIAN_POINT('',(-5.93757457352906,6.80203503229079,8.10557280900008));
#2932=CARTESIAN_POINT('',(-5.13757457352906,-19.9979649677092,7.8));
#2933=CARTESIAN_POINT('',(-5.13757457352906,6.80203503229079,7.8));
#2934=CARTESIAN_POINT('Origin',(-5.13757457352906,-19.9979649677092,9.));
#2935=CARTESIAN_POINT('Origin',(29.1200908509219,-18.1979649677092,5.));
#2936=CARTESIAN_POINT('',(30.3200908509219,-18.1692591887909,5.));
#2937=CARTESIAN_POINT('Origin',(29.1200908509219,-18.9492591887909,5.));
#2938=CARTESIAN_POINT('',(29.1200908509219,-18.1979649677092,3.8));
#2939=CARTESIAN_POINT('',(30.3200908509219,-18.1979649677092,5.));
#2940=CARTESIAN_POINT('Origin',(29.1200908509219,-6.19796496770921,0.));
#2941=CARTESIAN_POINT('',(30.3200908509219,-6.19796496770921,14.8));
#2942=CARTESIAN_POINT('',(30.3200908509219,-6.19796496770921,0.));
#2943=CARTESIAN_POINT('',(29.1200908509219,-4.99796496770921,14.8));
#2944=CARTESIAN_POINT('',(29.1200908509219,-4.99796496770921,0.));
#2945=CARTESIAN_POINT('Origin',(29.1200908509219,-6.19796496770921,14.8));
#2946=CARTESIAN_POINT('Origin',(6.89875813869642,0.302035032290786,1.2));
#2947=CARTESIAN_POINT('',(26.0837850185849,-19.9979649677092,1.2));
#2948=CARTESIAN_POINT('',(-5.93757457352906,-19.9979649677092,1.2));
#2949=CARTESIAN_POINT('',(0.880591782583677,-19.9979649677092,1.2));
#2950=CARTESIAN_POINT('',(28.6997291014429,-19.2224943259523,1.2));
#2951=CARTESIAN_POINT('Origin',(26.0837850185849,-15.1979649677092,1.2));
#2952=CARTESIAN_POINT('',(34.4783695093289,-15.4663780608263,1.2));
#2953=CARTESIAN_POINT('',(25.4976106902343,-21.3038712932379,1.2));
#2954=CARTESIAN_POINT('',(36.6624254264709,-11.4418487025833,1.2));
#2955=CARTESIAN_POINT('Origin',(31.862425426471,-11.4418487025833,1.2));
#2956=CARTESIAN_POINT('',(36.6624254264709,-0.954081232835152,1.2));
#2957=CARTESIAN_POINT('',(36.6624254264709,-5.56990683514624,1.2));
#2958=CARTESIAN_POINT('',(34.4783695093289,3.07044812540791,1.2));
#2959=CARTESIAN_POINT('Origin',(31.862425426471,-0.954081232835144,1.2));
#2960=CARTESIAN_POINT('',(28.6997291014429,6.82656439053384,1.2));
#2961=CARTESIAN_POINT('',(25.4168078713302,8.96046319010708,1.2));
#2962=CARTESIAN_POINT('',(26.0837850185849,7.60203503229079,1.2));
#2963=CARTESIAN_POINT('Origin',(26.0837850185849,2.80203503229078,1.2));
#2964=CARTESIAN_POINT('',(-5.93757457352906,7.60203503229079,1.2));
#2965=CARTESIAN_POINT('',(16.4912715786406,7.60203503229079,1.2));
#2966=CARTESIAN_POINT('',(-5.93757457352906,4.55203503229079,1.2));
#2967=CARTESIAN_POINT('',(18.0094244948092,-19.3979649677092,1.2));
#2968=CARTESIAN_POINT('',(0.420090850921896,-8.94796496770921,1.2));
#2969=CARTESIAN_POINT('',(2.00942449480915,-4.99796496770921,1.2));
#2970=CARTESIAN_POINT('',(25.8200908509219,-2.94796496770921,1.2));
#2971=CARTESIAN_POINT('Origin',(6.89875813869642,0.302035032290786,7.8));
#2972=CARTESIAN_POINT('',(28.4075750263093,-19.3979649677092,7.8));
#2973=CARTESIAN_POINT('',(26.0837850185849,-19.9979649677092,7.8));
#2974=CARTESIAN_POINT('Origin',(26.0837850185849,-15.1979649677092,7.8));
#2975=CARTESIAN_POINT('',(0.880591782583677,-19.9979649677092,7.8));
#2976=CARTESIAN_POINT('',(2.00942449480915,-4.99796496770921,7.8));
#2977=CARTESIAN_POINT('',(-4.07990914907811,-8.94796496770921,7.8));
#2978=CARTESIAN_POINT('',(18.0094244948092,-19.3979649677092,7.8));
#2979=CARTESIAN_POINT('Origin',(-5.13757457352906,-19.9979649677092,0.));
#2980=CARTESIAN_POINT('',(-5.93757457352906,-19.9979649677092,0.));
#2981=CARTESIAN_POINT('',(26.0837850185849,-19.9979649677092,0.));
#2982=CARTESIAN_POINT('Origin',(29.1200908509219,-19.3979649677092,0.));
#2983=CARTESIAN_POINT('',(28.4075750263093,-19.3979649677092,0.));
#2984=CARTESIAN_POINT('Origin',(-2.87990914907811,-4.99796496770921,0.));
#2985=CARTESIAN_POINT('',(20.1350908509219,-4.99796496770921,14.8));
#2986=CARTESIAN_POINT('',(20.1350908509219,-4.99796496770921,0.));
#2987=CARTESIAN_POINT('',(12.1344244948092,-4.99796496770921,14.8));
#2988=CARTESIAN_POINT('Origin',(-4.07990914907811,-18.1979649677092,0.));
#2989=CARTESIAN_POINT('Origin',(-0.629909149078105,-12.1979649677092,3.8));
#2990=CARTESIAN_POINT('',(0.420090850921896,-15.1979649677092,3.8));
#2991=CARTESIAN_POINT('Origin',(0.420090850921896,-18.1979649677092,0.));
#2992=CARTESIAN_POINT('Origin',(26.8700908509219,-12.1979649677092,3.8));
#2993=CARTESIAN_POINT('',(25.8200908509219,-9.19796496770921,3.8));
#2994=CARTESIAN_POINT('Origin',(25.8200908509219,-6.19796496770921,0.));
#2995=CARTESIAN_POINT('Origin',(27.1487581386964,-4.89796496770921,14.8));
#2996=CARTESIAN_POINT('',(36.6624254264709,-11.4418487025833,14.8));
#2997=CARTESIAN_POINT('',(34.4783695093289,-15.4663780608263,14.8));
#2998=CARTESIAN_POINT('Origin',(31.862425426471,-11.4418487025833,14.8));
#2999=CARTESIAN_POINT('',(30.3200908509219,-18.1692591887909,14.8));
#3000=CARTESIAN_POINT('',(31.4273119204627,-17.4495654935894,14.8));
#3001=CARTESIAN_POINT('',(30.3200908509219,-5.54796496770921,14.8));
#3002=CARTESIAN_POINT('',(20.1350908509219,-3.79796496770921,14.8));
#3003=CARTESIAN_POINT('Origin',(18.9350908509219,-0.197964967709214,14.8));
#3004=CARTESIAN_POINT('',(20.1350908509219,0.952035032290788,14.8));
#3005=CARTESIAN_POINT('',(26.0837850185849,7.60203503229079,14.8));
#3006=CARTESIAN_POINT('',(26.6162715786406,7.60203503229079,14.8));
#3007=CARTESIAN_POINT('',(28.6997291014429,6.82656439053384,14.8));
#3008=CARTESIAN_POINT('Origin',(26.0837850185849,2.80203503229078,14.8));
#3009=CARTESIAN_POINT('',(34.4783695093289,3.07044812540791,14.8));
#3010=CARTESIAN_POINT('',(33.7226075198364,3.56169341857809,14.8));
#3011=CARTESIAN_POINT('',(36.6624254264709,-0.954081232835152,14.8));
#3012=CARTESIAN_POINT('Origin',(31.862425426471,-0.954081232835144,14.8));
#3013=CARTESIAN_POINT('',(36.6624254264709,-8.16990683514624,14.8));
#3014=CARTESIAN_POINT('Origin',(26.0837850185849,2.80203503229078,0.));
#3015=CARTESIAN_POINT('',(28.6997291014429,6.82656439053384,0.));
#3016=CARTESIAN_POINT('',(26.0837850185849,7.60203503229079,0.));
#3017=CARTESIAN_POINT('Origin',(20.1350908509219,-2.69796496770921,0.));
#3018=CARTESIAN_POINT('Origin',(18.9350908509219,-0.197964967709214,0.));
#3019=CARTESIAN_POINT('Origin',(20.1350908509219,6.80203503229079,0.));
#3020=CARTESIAN_POINT('Origin',(26.0837850185849,7.60203503229079,0.));
#3021=CARTESIAN_POINT('',(-5.93757457352906,7.60203503229079,0.));
#3022=CARTESIAN_POINT('Origin',(30.3200908509219,-6.19796496770921,0.));
#3023=CARTESIAN_POINT('',(30.3200908509219,-18.1692591887909,0.));
#3024=CARTESIAN_POINT('Origin',(26.0837850185849,-15.1979649677092,0.));
#3025=CARTESIAN_POINT('',(28.6997291014429,-19.2224943259523,0.));
#3026=CARTESIAN_POINT('Origin',(28.6997291014429,-19.2224943259523,0.));
#3027=CARTESIAN_POINT('',(34.4783695093289,-15.4663780608263,0.));
#3028=CARTESIAN_POINT('Origin',(31.862425426471,-11.4418487025833,0.));
#3029=CARTESIAN_POINT('',(36.6624254264709,-11.4418487025833,0.));
#3030=CARTESIAN_POINT('Origin',(36.6624254264709,-11.4418487025833,0.));
#3031=CARTESIAN_POINT('',(36.6624254264709,-0.954081232835152,0.));
#3032=CARTESIAN_POINT('Origin',(31.862425426471,-0.954081232835144,0.));
#3033=CARTESIAN_POINT('',(34.4783695093289,3.07044812540791,0.));
#3034=CARTESIAN_POINT('Origin',(34.4783695093289,3.07044812540791,0.));
#3035=CARTESIAN_POINT('Origin',(-5.93757457352906,8.80203503229079,0.));
#3036=CARTESIAN_POINT('Origin',(-5.63757457352906,-18.1979649677092,15.));
#3037=CARTESIAN_POINT('',(-5.13757457352906,-21.1979649677092,15.));
#3038=CARTESIAN_POINT('',(-5.13757457352906,-18.1979649677092,18.));
#3039=CARTESIAN_POINT('Origin',(-5.13757457352906,-18.1979649677092,15.));
#3040=CARTESIAN_POINT('',(-7.13757457352906,-18.1979649677092,18.));
#3041=CARTESIAN_POINT('',(-5.63757457352906,-18.1979649677092,18.));
#3042=CARTESIAN_POINT('',(-7.13757457352906,-21.1979649677092,15.));
#3043=CARTESIAN_POINT('Origin',(-7.13757457352906,-18.1979649677092,15.));
#3044=CARTESIAN_POINT('',(-5.63757457352906,-21.1979649677092,15.));
#3045=CARTESIAN_POINT('Origin',(-7.13757457352906,8.80203503229079,0.));
#3046=CARTESIAN_POINT('',(-7.13757457352906,5.80203503229079,18.));
#3047=CARTESIAN_POINT('',(-7.13757457352906,8.80203503229079,18.));
#3048=CARTESIAN_POINT('',(-7.13757457352906,8.80203503229079,15.));
#3049=CARTESIAN_POINT('Origin',(-7.13757457352906,5.80203503229079,15.));
#3050=CARTESIAN_POINT('',(-7.13757457352906,8.80203503229079,0.));
#3051=CARTESIAN_POINT('',(-7.13757457352906,8.80203503229079,0.));
#3052=CARTESIAN_POINT('',(-7.13757457352906,-21.1979649677092,0.));
#3053=CARTESIAN_POINT('',(-7.13757457352906,8.80203503229079,0.));
#3054=CARTESIAN_POINT('',(-7.13757457352906,-21.1979649677092,0.));
#3055=CARTESIAN_POINT('Origin',(-6.13757457352906,-6.19796496770921,18.));
#3056=CARTESIAN_POINT('',(-5.13757457352906,5.80203503229079,18.));
#3057=CARTESIAN_POINT('',(-5.13757457352906,-21.1979649677092,18.));
#3058=CARTESIAN_POINT('',(9.97310522252791,5.80203503229079,18.));
#3059=CARTESIAN_POINT('Origin',(9.97310522252791,5.80203503229079,15.));
#3060=CARTESIAN_POINT('',(-5.13757457352906,8.80203503229079,15.));
#3061=CARTESIAN_POINT('Origin',(-5.13757457352906,5.80203503229079,15.));
#3062=CARTESIAN_POINT('',(9.97310522252791,8.80203503229079,15.));
#3063=CARTESIAN_POINT('Origin',(31.5363095905818,-17.6172542168495,15.));
#3064=CARTESIAN_POINT('',(29.3537151221574,-20.228626665513,15.));
#3065=CARTESIAN_POINT('',(35.1323555300434,-16.4725104003871,15.));
#3066=CARTESIAN_POINT('',(32.0812979411772,-18.4556978331501,15.));
#3067=CARTESIAN_POINT('',(34.587367179448,-15.6340667840865,16.));
#3068=CARTESIAN_POINT('Origin',(34.587367179448,-15.6340667840865,15.));
#3069=CARTESIAN_POINT('',(29.1200908509219,-19.1877963976284,16.));
#3070=CARTESIAN_POINT('',(31.5363095905818,-17.6172542168495,16.));
#3071=CARTESIAN_POINT('',(29.1200908509219,-19.8692047097662,15.8207256903525));
#3072=CARTESIAN_POINT('Origin',(29.1200908509219,-19.1877963976284,15.));
#3073=CARTESIAN_POINT('Origin',(28.808726771562,-19.3901830492124,15.));
#3074=CARTESIAN_POINT('Origin',(31.862425426471,-11.4418487025833,15.));
#3075=CARTESIAN_POINT('',(37.8624254264709,-11.4418487025833,15.));
#3076=CARTESIAN_POINT('',(36.8624254264709,-11.4418487025833,16.));
#3077=CARTESIAN_POINT('Origin',(36.8624254264709,-11.4418487025833,15.));
#3078=CARTESIAN_POINT('Origin',(31.862425426471,-11.4418487025833,16.));
#3079=CARTESIAN_POINT('Origin',(31.862425426471,-11.4418487025833,15.));
#3080=CARTESIAN_POINT('Origin',(36.8624254264709,-8.16990683514624,15.));
#3081=CARTESIAN_POINT('',(37.8624254264709,-0.954081232835152,15.));
#3082=CARTESIAN_POINT('',(36.8624254264709,-0.954081232835152,16.));
#3083=CARTESIAN_POINT('Origin',(36.8624254264709,-0.954081232835152,15.));
#3084=CARTESIAN_POINT('',(36.8624254264709,-8.16990683514624,16.));
#3085=CARTESIAN_POINT('',(37.8624254264709,-8.16990683514624,15.));
#3086=CARTESIAN_POINT('Origin',(31.862425426471,-0.954081232835144,15.));
#3087=CARTESIAN_POINT('',(35.1323555300434,4.07658046496867,15.));
#3088=CARTESIAN_POINT('',(34.587367179448,3.23813684866803,16.));
#3089=CARTESIAN_POINT('Origin',(34.587367179448,3.23813684866803,15.));
#3090=CARTESIAN_POINT('Origin',(31.862425426471,-0.954081232835144,16.));
#3091=CARTESIAN_POINT('Origin',(31.862425426471,-0.954081232835144,15.));
#3092=CARTESIAN_POINT('Origin',(33.8316051899554,3.72938214183821,15.));
#3093=CARTESIAN_POINT('',(29.3537151221574,7.83269673009461,15.));
#3094=CARTESIAN_POINT('',(28.808726771562,6.99425311379397,16.));
#3095=CARTESIAN_POINT('Origin',(28.808726771562,6.99425311379397,15.));
#3096=CARTESIAN_POINT('',(33.8316051899554,3.72938214183821,16.));
#3097=CARTESIAN_POINT('',(34.3765935405509,4.56782575813885,15.));
#3098=CARTESIAN_POINT('Origin',(26.0837850185849,2.80203503229078,15.));
#3099=CARTESIAN_POINT('',(26.0837850185849,8.80203503229079,15.));
#3100=CARTESIAN_POINT('',(26.0837850185849,7.80203503229072,16.));
#3101=CARTESIAN_POINT('Origin',(26.0837850185849,7.80203503229072,15.));
#3102=CARTESIAN_POINT('Origin',(26.0837850185849,2.80203503229078,16.));
#3103=CARTESIAN_POINT('Origin',(26.0837850185849,2.80203503229078,15.));
#3104=CARTESIAN_POINT('Origin',(26.6162715786406,7.80203503229079,15.));
#3105=CARTESIAN_POINT('',(-5.13757457352906,7.80203503229079,16.));
#3106=CARTESIAN_POINT('Origin',(-5.13757457352906,7.80203503229079,15.));
#3107=CARTESIAN_POINT('',(26.6162715786406,7.80203503229079,16.));
#3108=CARTESIAN_POINT('',(26.6162715786406,8.80203503229079,15.));
#3109=CARTESIAN_POINT('Origin',(26.0837850185849,-15.1979649677092,15.));
#3110=CARTESIAN_POINT('',(29.1200908509219,-20.3729864065553,15.));
#3111=CARTESIAN_POINT('Ctrl Pts',(29.1200908509219,-19.8692047097662,15.8207256903525));
#3112=CARTESIAN_POINT('Ctrl Pts',(29.1200908509219,-19.9392107517271,15.7798662279729));
#3113=CARTESIAN_POINT('Ctrl Pts',(29.1200908509219,-20.0050073324383,15.7311904194843));
#3114=CARTESIAN_POINT('Ctrl Pts',(29.1200908509219,-20.1530588421433,15.59620274564));
#3115=CARTESIAN_POINT('Ctrl Pts',(29.1200908509219,-20.2434689682715,15.4749564229666));
#3116=CARTESIAN_POINT('Ctrl Pts',(29.1200908509219,-20.3429245562203,15.2535121216827));
#3117=CARTESIAN_POINT('Ctrl Pts',(29.1200908509219,-20.3729864065553,15.1167165153855));
#3118=CARTESIAN_POINT('Ctrl Pts',(29.1200908509219,-20.3729864065553,15.));
#3119=CARTESIAN_POINT('Origin',(26.0837850185849,-15.1979649677092,15.));
#3120=CARTESIAN_POINT('Origin',(35.1323555300434,4.07658046496867,0.));
#3121=CARTESIAN_POINT('',(35.1323555300434,4.07658046496867,0.));
#3122=CARTESIAN_POINT('',(35.1323555300434,4.07658046496867,0.));
#3123=CARTESIAN_POINT('',(29.3537151221574,7.83269673009461,0.));
#3124=CARTESIAN_POINT('',(35.1323555300434,4.07658046496867,0.));
#3125=CARTESIAN_POINT('',(29.3537151221574,7.83269673009461,0.));
#3126=CARTESIAN_POINT('Origin',(31.862425426471,-0.954081232835144,0.));
#3127=CARTESIAN_POINT('',(37.8624254264709,-0.954081232835152,0.));
#3128=CARTESIAN_POINT('',(37.8624254264709,-0.954081232835152,0.));
#3129=CARTESIAN_POINT('Origin',(31.862425426471,-0.954081232835144,0.));
#3130=CARTESIAN_POINT('Origin',(37.8624254264709,-11.4418487025833,0.));
#3131=CARTESIAN_POINT('',(37.8624254264709,-11.4418487025833,0.));
#3132=CARTESIAN_POINT('',(37.8624254264709,-11.4418487025833,0.));
#3133=CARTESIAN_POINT('',(37.8624254264709,-11.4418487025833,0.));
#3134=CARTESIAN_POINT('Origin',(31.862425426471,-11.4418487025833,0.));
#3135=CARTESIAN_POINT('',(35.1323555300434,-16.4725104003871,0.));
#3136=CARTESIAN_POINT('',(35.1323555300434,-16.4725104003871,0.));
#3137=CARTESIAN_POINT('Origin',(31.862425426471,-11.4418487025833,0.));
#3138=CARTESIAN_POINT('Origin',(29.3537151221574,-20.228626665513,0.));
#3139=CARTESIAN_POINT('',(29.3537151221574,-20.228626665513,0.));
#3140=CARTESIAN_POINT('',(29.3537151221574,-20.228626665513,0.));
#3141=CARTESIAN_POINT('',(29.3537151221574,-20.228626665513,0.));
#3142=CARTESIAN_POINT('Origin',(26.0837850185849,-15.1979649677092,0.));
#3143=CARTESIAN_POINT('',(29.1200908509219,-20.3729864065553,9.));
#3144=CARTESIAN_POINT('',(29.1200908509219,-20.3729864065553,0.));
#3145=CARTESIAN_POINT('',(26.0837850185849,-21.1979649677092,9.));
#3146=CARTESIAN_POINT('Origin',(26.0837850185849,-15.1979649677092,9.));
#3147=CARTESIAN_POINT('',(26.0837850185849,-21.1979649677092,0.));
#3148=CARTESIAN_POINT('',(26.0837850185849,-21.1979649677092,0.));
#3149=CARTESIAN_POINT('Origin',(26.0837850185849,-15.1979649677092,0.));
#3150=CARTESIAN_POINT('Origin',(29.1200908509219,-6.19796496770921,0.));
#3151=CARTESIAN_POINT('',(29.1200908509219,-6.19796496770921,16.));
#3152=CARTESIAN_POINT('',(29.1200908509219,-6.19796496770921,16.));
#3153=CARTESIAN_POINT('',(29.1200908509219,-6.19796496770921,5.));
#3154=CARTESIAN_POINT('',(29.1200908509219,-6.19796496770921,0.));
#3155=CARTESIAN_POINT('',(29.1200908509219,-18.1979649677092,5.));
#3156=CARTESIAN_POINT('',(29.1200908509219,-18.1979649677092,5.));
#3157=CARTESIAN_POINT('',(29.1200908509219,-18.1979649677092,9.));
#3158=CARTESIAN_POINT('',(29.1200908509219,-18.1979649677092,0.));
#3159=CARTESIAN_POINT('',(29.1200908509219,-20.3729864065553,9.));
#3160=CARTESIAN_POINT('Origin',(-5.13757457352906,-21.1979649677092,0.));
#3161=CARTESIAN_POINT('',(-5.13757457352906,-21.1979649677092,9.));
#3162=CARTESIAN_POINT('',(-5.13757457352906,-21.1979649677092,0.));
#3163=CARTESIAN_POINT('',(-5.13757457352906,6.80203503229079,9.));
#3164=CARTESIAN_POINT('',(-5.13757457352906,6.80203503229079,9.));
#3165=CARTESIAN_POINT('',(-5.13757457352906,6.80203503229079,16.));
#3166=CARTESIAN_POINT('',(-5.13757457352906,6.80203503229079,0.));
#3167=CARTESIAN_POINT('',(-5.13757457352906,8.80203503229079,16.));
#3168=CARTESIAN_POINT('Origin',(-5.13757457352906,6.80203503229079,0.));
#3169=CARTESIAN_POINT('',(18.9350908509219,6.80203503229079,9.));
#3170=CARTESIAN_POINT('',(18.9350908509219,6.80203503229079,16.));
#3171=CARTESIAN_POINT('',(18.9350908509219,6.80203503229079,0.));
#3172=CARTESIAN_POINT('',(-5.13757457352906,6.80203503229079,16.));
#3173=CARTESIAN_POINT('',(26.0837850185849,6.80203503229079,9.));
#3174=CARTESIAN_POINT('Origin',(26.0837850185849,8.80203503229079,0.));
#3175=CARTESIAN_POINT('',(26.0837850185849,8.80203503229079,0.));
#3176=CARTESIAN_POINT('',(26.0837850185849,8.80203503229079,0.));
#3177=CARTESIAN_POINT('',(26.0837850185849,8.80203503229079,0.));
#3178=CARTESIAN_POINT('Origin',(18.9350908509219,6.80203503229079,0.));
#3179=CARTESIAN_POINT('',(18.9350908509219,2.30203503229079,9.));
#3180=CARTESIAN_POINT('',(18.9350908509219,2.30203503229079,9.));
#3181=CARTESIAN_POINT('',(18.9350908509219,2.30203503229079,16.));
#3182=CARTESIAN_POINT('',(18.9350908509219,2.30203503229079,0.));
#3183=CARTESIAN_POINT('',(18.9350908509219,6.80203503229079,16.));
#3184=CARTESIAN_POINT('Origin',(18.9350908509219,-0.197964967709214,0.));
#3185=CARTESIAN_POINT('',(18.9350908509219,-2.69796496770921,9.));
#3186=CARTESIAN_POINT('Origin',(18.9350908509219,-0.197964967709214,9.));
#3187=CARTESIAN_POINT('',(18.9350908509219,-2.69796496770921,16.));
#3188=CARTESIAN_POINT('',(18.9350908509219,-2.69796496770921,0.));
#3189=CARTESIAN_POINT('Origin',(18.9350908509219,-0.197964967709214,16.));
#3190=CARTESIAN_POINT('Origin',(18.9350908509219,-2.69796496770921,0.));
#3191=CARTESIAN_POINT('',(18.9350908509219,-6.19796496770921,9.));
#3192=CARTESIAN_POINT('',(18.9350908509219,-6.19796496770921,9.));
#3193=CARTESIAN_POINT('',(18.9350908509219,-6.19796496770921,16.));
#3194=CARTESIAN_POINT('',(18.9350908509219,-6.19796496770921,0.));
#3195=CARTESIAN_POINT('',(18.9350908509219,-2.69796496770921,16.));
#3196=CARTESIAN_POINT('Origin',(26.0837850185849,2.80203503229078,0.));
#3197=CARTESIAN_POINT('Origin',(26.0837850185849,2.80203503229078,0.));
#3198=CARTESIAN_POINT('Origin',(27.1487581386964,-4.89796496770921,16.));
#3199=CARTESIAN_POINT('',(-5.13757457352906,-6.19796496770921,16.));
#3200=CARTESIAN_POINT('Origin',(24.6200908509219,-6.19796496770921,0.));
#3201=CARTESIAN_POINT('',(24.6200908509219,-6.19796496770921,0.));
#3202=CARTESIAN_POINT('',(24.6200908509219,-18.1979649677092,0.));
#3203=CARTESIAN_POINT('',(24.6200908509219,-6.19796496770921,0.));
#3204=CARTESIAN_POINT('',(24.6200908509219,-18.1979649677092,5.));
#3205=CARTESIAN_POINT('',(24.6200908509219,-18.1979649677092,0.));
#3206=CARTESIAN_POINT('',(24.6200908509219,-6.19796496770921,5.));
#3207=CARTESIAN_POINT('',(24.6200908509219,-6.19796496770921,5.));
#3208=CARTESIAN_POINT('',(24.6200908509219,-6.19796496770921,0.));
#3209=CARTESIAN_POINT('Origin',(26.8700908509219,-12.1979649677092,5.));
#3210=CARTESIAN_POINT('',(27.9950908509219,-18.1979649677092,5.));
#3211=CARTESIAN_POINT('',(37.8624254264709,-6.19796496770921,5.));
#3212=CARTESIAN_POINT('Origin',(1.6200908509219,-18.1979649677092,0.));
#3213=CARTESIAN_POINT('',(1.6200908509219,-18.1979649677092,0.));
#3214=CARTESIAN_POINT('',(1.6200908509219,-6.19796496770921,0.));
#3215=CARTESIAN_POINT('',(1.6200908509219,-18.1979649677092,0.));
#3216=CARTESIAN_POINT('',(1.6200908509219,-6.19796496770921,5.));
#3217=CARTESIAN_POINT('',(1.6200908509219,-6.19796496770921,0.));
#3218=CARTESIAN_POINT('',(1.6200908509219,-18.1979649677092,5.));
#3219=CARTESIAN_POINT('',(1.6200908509219,-18.1979649677092,5.));
#3220=CARTESIAN_POINT('',(1.6200908509219,-18.1979649677092,0.));
#3221=CARTESIAN_POINT('Origin',(-0.629909149078105,-12.1979649677092,5.));
#3222=CARTESIAN_POINT('',(-2.87990914907811,-6.19796496770921,5.));
#3223=CARTESIAN_POINT('',(-1.75490914907811,-6.19796496770921,5.));
#3224=CARTESIAN_POINT('',(-2.87990914907811,-18.1979649677092,5.));
#3225=CARTESIAN_POINT('',(-2.87990914907811,-15.1979649677092,5.));
#3226=CARTESIAN_POINT('',(14.2450908509219,-18.1979649677092,5.));
#3227=CARTESIAN_POINT('Origin',(-2.87990914907811,-18.1979649677092,0.));
#3228=CARTESIAN_POINT('',(-2.87990914907811,-6.19796496770921,9.));
#3229=CARTESIAN_POINT('',(-2.87990914907811,-6.19796496770921,0.));
#3230=CARTESIAN_POINT('',(-2.87990914907811,-18.1979649677092,9.));
#3231=CARTESIAN_POINT('',(-2.87990914907811,-18.1979649677092,9.));
#3232=CARTESIAN_POINT('',(-2.87990914907811,-18.1979649677092,0.));
#3233=CARTESIAN_POINT('Origin',(-2.87990914907811,-6.19796496770921,0.));
#3234=CARTESIAN_POINT('',(-5.13757457352906,-6.19796496770921,0.));
#3235=CARTESIAN_POINT('',(-5.13757457352906,-6.19796496770921,9.));
#3236=CARTESIAN_POINT('Origin',(29.1200908509219,-18.1979649677092,0.));
#3237=CARTESIAN_POINT('',(29.1200908509219,-18.1979649677092,0.));
#3238=CARTESIAN_POINT('',(29.1200908509219,-18.1979649677092,9.));
#3239=CARTESIAN_POINT('Origin',(-5.13757457352906,-21.1979649677092,0.));
#3240=CARTESIAN_POINT('',(-7.13757457352906,-21.1979649677092,0.));
#3241=CARTESIAN_POINT('',(-5.13757457352906,-21.1979649677092,9.));
#3242=CARTESIAN_POINT('Origin',(6.89875813869642,0.302035032290786,9.));
#3243=CARTESIAN_POINT('Origin',(6.89875813869642,0.302035032290786,0.));
#3244=UNCERTAINTY_MEASURE_WITH_UNIT(LENGTH_MEASURE(0.01),#3248,
'DISTANCE_ACCURACY_VALUE',
'Maximum model space distance between geometric entities at asserted c
onnectivities');
#3245=UNCERTAINTY_MEASURE_WITH_UNIT(LENGTH_MEASURE(0.01),#3248,
'DISTANCE_ACCURACY_VALUE',
'Maximum model space distance between geometric entities at asserted c
onnectivities');
#3246=(
GEOMETRIC_REPRESENTATION_CONTEXT(3)
GLOBAL_UNCERTAINTY_ASSIGNED_CONTEXT((#3244))
GLOBAL_UNIT_ASSIGNED_CONTEXT((#3248,#3250,#3251))
REPRESENTATION_CONTEXT('','3D')
);
#3247=(
GEOMETRIC_REPRESENTATION_CONTEXT(3)
GLOBAL_UNCERTAINTY_ASSIGNED_CONTEXT((#3245))
GLOBAL_UNIT_ASSIGNED_CONTEXT((#3248,#3250,#3251))
REPRESENTATION_CONTEXT('','3D')
);
#3248=(
LENGTH_UNIT()
NAMED_UNIT(*)
SI_UNIT(.MILLI.,.METRE.)
);
#3249=(
LENGTH_UNIT()
NAMED_UNIT(*)
SI_UNIT(.CENTI.,.METRE.)
);
#3250=(
NAMED_UNIT(*)
PLANE_ANGLE_UNIT()
SI_UNIT($,.RADIAN.)
);
#3251=(
NAMED_UNIT(*)
SI_UNIT($,.STERADIAN.)
SOLID_ANGLE_UNIT()
);
#3252=SHAPE_DEFINITION_REPRESENTATION(#3253,#3254);
#3253=PRODUCT_DEFINITION_SHAPE('',$,#3256);
#3254=SHAPE_REPRESENTATION('',(#1917),#3246);
#3255=PRODUCT_DEFINITION_CONTEXT('part definition',#3260,'design');
#3256=PRODUCT_DEFINITION('Greiferhalterung','Greiferhalterung',#3257,#3255);
#3257=PRODUCT_DEFINITION_FORMATION('',$,#3262);
#3258=PRODUCT_RELATED_PRODUCT_CATEGORY('Greiferhalterung',
'Greiferhalterung',(#3262));
#3259=APPLICATION_PROTOCOL_DEFINITION('international standard',
'automotive_design',2009,#3260);
#3260=APPLICATION_CONTEXT(
'Core Data for Automotive Mechanical Design Process');
#3261=PRODUCT_CONTEXT('part definition',#3260,'mechanical');
#3262=PRODUCT('Greiferhalterung','Greiferhalterung',$,(#3261));
#3263=PRESENTATION_STYLE_ASSIGNMENT((#3265));
#3264=PRESENTATION_STYLE_ASSIGNMENT((#3266));
#3265=SURFACE_STYLE_USAGE(.BOTH.,#3271);
#3266=SURFACE_STYLE_USAGE(.BOTH.,#3272);
#3267=SURFACE_STYLE_RENDERING_WITH_PROPERTIES($,#3279,(#3269));
#3268=SURFACE_STYLE_RENDERING_WITH_PROPERTIES($,#3280,(#3270));
#3269=SURFACE_STYLE_TRANSPARENT(0.);
#3270=SURFACE_STYLE_TRANSPARENT(0.);
#3271=SURFACE_SIDE_STYLE('',(#3273,#3267));
#3272=SURFACE_SIDE_STYLE('',(#3274,#3268));
#3273=SURFACE_STYLE_FILL_AREA(#3275);
#3274=SURFACE_STYLE_FILL_AREA(#3276);
#3275=FILL_AREA_STYLE('',(#3277));
#3276=FILL_AREA_STYLE('',(#3278));
#3277=FILL_AREA_STYLE_COLOUR('',#3279);
#3278=FILL_AREA_STYLE_COLOUR('',#3280);
#3279=COLOUR_RGB('',0.749019607843137,0.749019607843137,0.749019607843137);
#3280=COLOUR_RGB('',0.0196078431372549,0.0196078431372549,0.0196078431372549);
ENDSEC;
END-ISO-10303-21;
